EmployeeNumber,CurrentSkill,Source
1,Systems Analysis,SYNTHETIC_MVP
1,Writing,SYNTHETIC_MVP
1,Data Analysis,SYNTHETIC_MVP
2,Time Management,SYNTHETIC_MVP
2,Active Listening,SYNTHETIC_MVP
2,Critical Thinking,SYNTHETIC_MVP
4,Systems Analysis,SYNTHETIC_MVP
4,Time Management,SYNTHETIC_MVP
4,Writing,SYNTHETIC_MVP
4,Systems Evaluation,SYNTHETIC_MVP
4,Active Listening,SYNTHETIC_MVP
5,Programming,SYNTHETIC_MVP
5,Systems Analysis,SYNTHETIC_MVP
5,Systems Evaluation,SYNTHETIC_MVP
7,Active Listening,SYNTHETIC_MVP
7,Speaking,SYNTHETIC_MVP
7,Critical Thinking,SYNTHETIC_MVP
7,Complex Problem Solving,SYNTHETIC_MVP
7,Time Management,SYNTHETIC_MVP
8,Systems Evaluation,SYNTHETIC_MVP
8,Project Management,SYNTHETIC_MVP
8,Writing,SYNTHETIC_MVP
8,Active Listening,SYNTHETIC_MVP
10,Data Analysis,SYNTHETIC_MVP
10,Programming,SYNTHETIC_MVP
10,Time Management,SYNTHETIC_MVP
10,Systems Evaluation,SYNTHETIC_MVP
11,Reading Comprehension,SYNTHETIC_MVP
11,Writing,SYNTHETIC_MVP
11,Systems Evaluation,SYNTHETIC_MVP
11,Active Listening,SYNTHETIC_MVP
12,Data Analysis,SYNTHETIC_MVP
12,Complex Problem Solving,SYNTHETIC_MVP
12,Systems Evaluation,SYNTHETIC_MVP
12,Speaking,SYNTHETIC_MVP
13,Project Management,SYNTHETIC_MVP
13,Active Listening,SYNTHETIC_MVP
13,Time Management,SYNTHETIC_MVP
13,Writing,SYNTHETIC_MVP
13,Systems Evaluation,SYNTHETIC_MVP
13,Complex Problem Solving,SYNTHETIC_MVP
14,Time Management,SYNTHETIC_MVP
14,Project Management,SYNTHETIC_MVP
14,Systems Evaluation,SYNTHETIC_MVP
15,Systems Evaluation,SYNTHETIC_MVP
15,Writing,SYNTHETIC_MVP
15,Speaking,SYNTHETIC_MVP
15,Systems Analysis,SYNTHETIC_MVP
15,Data Analysis,SYNTHETIC_MVP
15,Complex Problem Solving,SYNTHETIC_MVP
16,Programming,SYNTHETIC_MVP
16,Time Management,SYNTHETIC_MVP
16,Active Listening,SYNTHETIC_MVP
16,Systems Evaluation,SYNTHETIC_MVP
16,Reading Comprehension,SYNTHETIC_MVP
16,Systems Analysis,SYNTHETIC_MVP
18,Reading Comprehension,SYNTHETIC_MVP
18,Writing,SYNTHETIC_MVP
18,Active Listening,SYNTHETIC_MVP
18,Complex Problem Solving,SYNTHETIC_MVP
18,Speaking,SYNTHETIC_MVP
19,Complex Problem Solving,SYNTHETIC_MVP
19,Reading Comprehension,SYNTHETIC_MVP
19,Systems Analysis,SYNTHETIC_MVP
19,Programming,SYNTHETIC_MVP
19,Writing,SYNTHETIC_MVP
20,Complex Problem Solving,SYNTHETIC_MVP
20,Writing,SYNTHETIC_MVP
20,Systems Evaluation,SYNTHETIC_MVP
21,Complex Problem Solving,SYNTHETIC_MVP
21,Project Management,SYNTHETIC_MVP
21,Critical Thinking,SYNTHETIC_MVP
21,Programming,SYNTHETIC_MVP
22,Programming,SYNTHETIC_MVP
22,Critical Thinking,SYNTHETIC_MVP
22,Reading Comprehension,SYNTHETIC_MVP
23,Active Listening,SYNTHETIC_MVP
23,Critical Thinking,SYNTHETIC_MVP
23,Complex Problem Solving,SYNTHETIC_MVP
23,Writing,SYNTHETIC_MVP
23,Project Management,SYNTHETIC_MVP
23,Time Management,SYNTHETIC_MVP
24,Complex Problem Solving,SYNTHETIC_MVP
24,Active Listening,SYNTHETIC_MVP
24,Speaking,SYNTHETIC_MVP
24,Systems Analysis,SYNTHETIC_MVP
26,Data Analysis,SYNTHETIC_MVP
26,Speaking,SYNTHETIC_MVP
26,Systems Analysis,SYNTHETIC_MVP
26,Writing,SYNTHETIC_MVP
26,Active Listening,SYNTHETIC_MVP
26,Programming,SYNTHETIC_MVP
27,Speaking,SYNTHETIC_MVP
27,Critical Thinking,SYNTHETIC_MVP
27,Data Analysis,SYNTHETIC_MVP
27,Active Listening,SYNTHETIC_MVP
28,Critical Thinking,SYNTHETIC_MVP
28,Reading Comprehension,SYNTHETIC_MVP
28,Active Listening,SYNTHETIC_MVP
28,Complex Problem Solving,SYNTHETIC_MVP
28,Systems Evaluation,SYNTHETIC_MVP
30,Critical Thinking,SYNTHETIC_MVP
30,Speaking,SYNTHETIC_MVP
30,Time Management,SYNTHETIC_MVP
30,Programming,SYNTHETIC_MVP
31,Systems Evaluation,SYNTHETIC_MVP
31,Speaking,SYNTHETIC_MVP
31,Time Management,SYNTHETIC_MVP
31,Systems Analysis,SYNTHETIC_MVP
32,Active Listening,SYNTHETIC_MVP
32,Project Management,SYNTHETIC_MVP
32,Writing,SYNTHETIC_MVP
32,Systems Evaluation,SYNTHETIC_MVP
33,Programming,SYNTHETIC_MVP
33,Speaking,SYNTHETIC_MVP
33,Systems Analysis,SYNTHETIC_MVP
33,Reading Comprehension,SYNTHETIC_MVP
33,Active Listening,SYNTHETIC_MVP
33,Data Analysis,SYNTHETIC_MVP
35,Project Management,SYNTHETIC_MVP
35,Writing,SYNTHETIC_MVP
35,Active Listening,SYNTHETIC_MVP
35,Time Management,SYNTHETIC_MVP
36,Project Management,SYNTHETIC_MVP
36,Writing,SYNTHETIC_MVP
36,Reading Comprehension,SYNTHETIC_MVP
36,Critical Thinking,SYNTHETIC_MVP
36,Active Listening,SYNTHETIC_MVP
36,Time Management,SYNTHETIC_MVP
38,Critical Thinking,SYNTHETIC_MVP
38,Systems Evaluation,SYNTHETIC_MVP
38,Writing,SYNTHETIC_MVP
39,Systems Evaluation,SYNTHETIC_MVP
39,Data Analysis,SYNTHETIC_MVP
39,Complex Problem Solving,SYNTHETIC_MVP
39,Time Management,SYNTHETIC_MVP
39,Project Management,SYNTHETIC_MVP
39,Speaking,SYNTHETIC_MVP
40,Complex Problem Solving,SYNTHETIC_MVP
40,Systems Analysis,SYNTHETIC_MVP
40,Data Analysis,SYNTHETIC_MVP
40,Reading Comprehension,SYNTHETIC_MVP
41,Project Management,SYNTHETIC_MVP
41,Systems Evaluation,SYNTHETIC_MVP
41,Time Management,SYNTHETIC_MVP
41,Active Listening,SYNTHETIC_MVP
42,Systems Evaluation,SYNTHETIC_MVP
42,Data Analysis,SYNTHETIC_MVP
42,Complex Problem Solving,SYNTHETIC_MVP
42,Programming,SYNTHETIC_MVP
42,Speaking,SYNTHETIC_MVP
42,Critical Thinking,SYNTHETIC_MVP
45,Critical Thinking,SYNTHETIC_MVP
45,Project Management,SYNTHETIC_MVP
45,Active Listening,SYNTHETIC_MVP
45,Writing,SYNTHETIC_MVP
45,Complex Problem Solving,SYNTHETIC_MVP
46,Time Management,SYNTHETIC_MVP
46,Systems Evaluation,SYNTHETIC_MVP
46,Project Management,SYNTHETIC_MVP
47,Time Management,SYNTHETIC_MVP
47,Data Analysis,SYNTHETIC_MVP
47,Project Management,SYNTHETIC_MVP
47,Reading Comprehension,SYNTHETIC_MVP
49,Speaking,SYNTHETIC_MVP
49,Time Management,SYNTHETIC_MVP
49,Writing,SYNTHETIC_MVP
51,Complex Problem Solving,SYNTHETIC_MVP
51,Systems Analysis,SYNTHETIC_MVP
51,Programming,SYNTHETIC_MVP
51,Critical Thinking,SYNTHETIC_MVP
52,Critical Thinking,SYNTHETIC_MVP
52,Data Analysis,SYNTHETIC_MVP
52,Systems Evaluation,SYNTHETIC_MVP
52,Project Management,SYNTHETIC_MVP
52,Speaking,SYNTHETIC_MVP
53,Data Analysis,SYNTHETIC_MVP
53,Programming,SYNTHETIC_MVP
53,Complex Problem Solving,SYNTHETIC_MVP
53,Active Listening,SYNTHETIC_MVP
54,Writing,SYNTHETIC_MVP
54,Systems Evaluation,SYNTHETIC_MVP
54,Project Management,SYNTHETIC_MVP
54,Programming,SYNTHETIC_MVP
54,Time Management,SYNTHETIC_MVP
54,Active Listening,SYNTHETIC_MVP
55,Project Management,SYNTHETIC_MVP
55,Complex Problem Solving,SYNTHETIC_MVP
55,Systems Evaluation,SYNTHETIC_MVP
55,Active Listening,SYNTHETIC_MVP
56,Data Analysis,SYNTHETIC_MVP
56,Critical Thinking,SYNTHETIC_MVP
56,Programming,SYNTHETIC_MVP
57,Programming,SYNTHETIC_MVP
57,Systems Evaluation,SYNTHETIC_MVP
57,Active Listening,SYNTHETIC_MVP
58,Systems Analysis,SYNTHETIC_MVP
58,Programming,SYNTHETIC_MVP
58,Reading Comprehension,SYNTHETIC_MVP
58,Writing,SYNTHETIC_MVP
60,Critical Thinking,SYNTHETIC_MVP
60,Systems Evaluation,SYNTHETIC_MVP
60,Speaking,SYNTHETIC_MVP
60,Project Management,SYNTHETIC_MVP
60,Data Analysis,SYNTHETIC_MVP
60,Writing,SYNTHETIC_MVP
61,Systems Analysis,SYNTHETIC_MVP
61,Reading Comprehension,SYNTHETIC_MVP
61,Project Management,SYNTHETIC_MVP
61,Active Listening,SYNTHETIC_MVP
62,Programming,SYNTHETIC_MVP
62,Time Management,SYNTHETIC_MVP
62,Data Analysis,SYNTHETIC_MVP
62,Writing,SYNTHETIC_MVP
62,Speaking,SYNTHETIC_MVP
62,Critical Thinking,SYNTHETIC_MVP
63,Writing,SYNTHETIC_MVP
63,Project Management,SYNTHETIC_MVP
63,Reading Comprehension,SYNTHETIC_MVP
63,Complex Problem Solving,SYNTHETIC_MVP
63,Data Analysis,SYNTHETIC_MVP
63,Active Listening,SYNTHETIC_MVP
64,Programming,SYNTHETIC_MVP
64,Writing,SYNTHETIC_MVP
64,Critical Thinking,SYNTHETIC_MVP
64,Data Analysis,SYNTHETIC_MVP
64,Complex Problem Solving,SYNTHETIC_MVP
65,Active Listening,SYNTHETIC_MVP
65,Project Management,SYNTHETIC_MVP
65,Time Management,SYNTHETIC_MVP
65,Speaking,SYNTHETIC_MVP
65,Programming,SYNTHETIC_MVP
68,Systems Analysis,SYNTHETIC_MVP
68,Active Listening,SYNTHETIC_MVP
68,Programming,SYNTHETIC_MVP
70,Speaking,SYNTHETIC_MVP
70,Data Analysis,SYNTHETIC_MVP
70,Complex Problem Solving,SYNTHETIC_MVP
70,Time Management,SYNTHETIC_MVP
70,Programming,SYNTHETIC_MVP
72,Writing,SYNTHETIC_MVP
72,Systems Evaluation,SYNTHETIC_MVP
72,Critical Thinking,SYNTHETIC_MVP
72,Systems Analysis,SYNTHETIC_MVP
73,Programming,SYNTHETIC_MVP
73,Time Management,SYNTHETIC_MVP
73,Complex Problem Solving,SYNTHETIC_MVP
73,Systems Analysis,SYNTHETIC_MVP
73,Speaking,SYNTHETIC_MVP
73,Systems Evaluation,SYNTHETIC_MVP
74,Data Analysis,SYNTHETIC_MVP
74,Project Management,SYNTHETIC_MVP
74,Time Management,SYNTHETIC_MVP
75,Critical Thinking,SYNTHETIC_MVP
75,Active Listening,SYNTHETIC_MVP
75,Programming,SYNTHETIC_MVP
75,Data Analysis,SYNTHETIC_MVP
75,Systems Evaluation,SYNTHETIC_MVP
76,Programming,SYNTHETIC_MVP
76,Reading Comprehension,SYNTHETIC_MVP
76,Writing,SYNTHETIC_MVP
76,Critical Thinking,SYNTHETIC_MVP
76,Complex Problem Solving,SYNTHETIC_MVP
76,Active Listening,SYNTHETIC_MVP
77,Complex Problem Solving,SYNTHETIC_MVP
77,Programming,SYNTHETIC_MVP
77,Speaking,SYNTHETIC_MVP
77,Project Management,SYNTHETIC_MVP
77,Active Listening,SYNTHETIC_MVP
77,Time Management,SYNTHETIC_MVP
78,Reading Comprehension,SYNTHETIC_MVP
78,Data Analysis,SYNTHETIC_MVP
78,Active Listening,SYNTHETIC_MVP
78,Project Management,SYNTHETIC_MVP
78,Programming,SYNTHETIC_MVP
79,Systems Evaluation,SYNTHETIC_MVP
79,Critical Thinking,SYNTHETIC_MVP
79,Time Management,SYNTHETIC_MVP
79,Writing,SYNTHETIC_MVP
79,Programming,SYNTHETIC_MVP
79,Project Management,SYNTHETIC_MVP
80,Project Management,SYNTHETIC_MVP
80,Critical Thinking,SYNTHETIC_MVP
80,Systems Evaluation,SYNTHETIC_MVP
80,Active Listening,SYNTHETIC_MVP
81,Reading Comprehension,SYNTHETIC_MVP
81,Systems Analysis,SYNTHETIC_MVP
81,Project Management,SYNTHETIC_MVP
81,Critical Thinking,SYNTHETIC_MVP
81,Speaking,SYNTHETIC_MVP
81,Programming,SYNTHETIC_MVP
83,Speaking,SYNTHETIC_MVP
83,Reading Comprehension,SYNTHETIC_MVP
83,Project Management,SYNTHETIC_MVP
84,Writing,SYNTHETIC_MVP
84,Complex Problem Solving,SYNTHETIC_MVP
84,Time Management,SYNTHETIC_MVP
84,Critical Thinking,SYNTHETIC_MVP
84,Systems Evaluation,SYNTHETIC_MVP
84,Data Analysis,SYNTHETIC_MVP
85,Time Management,SYNTHETIC_MVP
85,Project Management,SYNTHETIC_MVP
85,Programming,SYNTHETIC_MVP
85,Active Listening,SYNTHETIC_MVP
85,Systems Evaluation,SYNTHETIC_MVP
86,Systems Evaluation,SYNTHETIC_MVP
86,Programming,SYNTHETIC_MVP
86,Critical Thinking,SYNTHETIC_MVP
86,Systems Analysis,SYNTHETIC_MVP
86,Complex Problem Solving,SYNTHETIC_MVP
86,Time Management,SYNTHETIC_MVP
88,Critical Thinking,SYNTHETIC_MVP
88,Speaking,SYNTHETIC_MVP
88,Time Management,SYNTHETIC_MVP
90,Time Management,SYNTHETIC_MVP
90,Speaking,SYNTHETIC_MVP
90,Project Management,SYNTHETIC_MVP
90,Complex Problem Solving,SYNTHETIC_MVP
90,Critical Thinking,SYNTHETIC_MVP
91,Time Management,SYNTHETIC_MVP
91,Project Management,SYNTHETIC_MVP
91,Programming,SYNTHETIC_MVP
91,Data Analysis,SYNTHETIC_MVP
91,Systems Evaluation,SYNTHETIC_MVP
91,Writing,SYNTHETIC_MVP
94,Writing,SYNTHETIC_MVP
94,Critical Thinking,SYNTHETIC_MVP
94,Time Management,SYNTHETIC_MVP
94,Systems Evaluation,SYNTHETIC_MVP
95,Active Listening,SYNTHETIC_MVP
95,Systems Evaluation,SYNTHETIC_MVP
95,Critical Thinking,SYNTHETIC_MVP
96,Data Analysis,SYNTHETIC_MVP
96,Writing,SYNTHETIC_MVP
96,Speaking,SYNTHETIC_MVP
96,Systems Evaluation,SYNTHETIC_MVP
96,Active Listening,SYNTHETIC_MVP
97,Project Management,SYNTHETIC_MVP
97,Systems Evaluation,SYNTHETIC_MVP
97,Reading Comprehension,SYNTHETIC_MVP
97,Writing,SYNTHETIC_MVP
97,Data Analysis,SYNTHETIC_MVP
98,Systems Evaluation,SYNTHETIC_MVP
98,Systems Analysis,SYNTHETIC_MVP
98,Speaking,SYNTHETIC_MVP
100,Project Management,SYNTHETIC_MVP
100,Systems Evaluation,SYNTHETIC_MVP
100,Systems Analysis,SYNTHETIC_MVP
100,Critical Thinking,SYNTHETIC_MVP
100,Writing,SYNTHETIC_MVP
100,Reading Comprehension,SYNTHETIC_MVP
101,Time Management,SYNTHETIC_MVP
101,Data Analysis,SYNTHETIC_MVP
101,Active Listening,SYNTHETIC_MVP
102,Speaking,SYNTHETIC_MVP
102,Time Management,SYNTHETIC_MVP
102,Writing,SYNTHETIC_MVP
102,Systems Evaluation,SYNTHETIC_MVP
103,Critical Thinking,SYNTHETIC_MVP
103,Active Listening,SYNTHETIC_MVP
103,Writing,SYNTHETIC_MVP
103,Complex Problem Solving,SYNTHETIC_MVP
103,Project Management,SYNTHETIC_MVP
104,Time Management,SYNTHETIC_MVP
104,Speaking,SYNTHETIC_MVP
104,Reading Comprehension,SYNTHETIC_MVP
104,Systems Evaluation,SYNTHETIC_MVP
104,Writing,SYNTHETIC_MVP
105,Programming,SYNTHETIC_MVP
105,Critical Thinking,SYNTHETIC_MVP
105,Systems Evaluation,SYNTHETIC_MVP
105,Time Management,SYNTHETIC_MVP
105,Data Analysis,SYNTHETIC_MVP
106,Active Listening,SYNTHETIC_MVP
106,Project Management,SYNTHETIC_MVP
106,Systems Evaluation,SYNTHETIC_MVP
106,Data Analysis,SYNTHETIC_MVP
106,Critical Thinking,SYNTHETIC_MVP
107,Complex Problem Solving,SYNTHETIC_MVP
107,Systems Analysis,SYNTHETIC_MVP
107,Active Listening,SYNTHETIC_MVP
107,Data Analysis,SYNTHETIC_MVP
107,Time Management,SYNTHETIC_MVP
110,Project Management,SYNTHETIC_MVP
110,Active Listening,SYNTHETIC_MVP
110,Systems Analysis,SYNTHETIC_MVP
110,Programming,SYNTHETIC_MVP
110,Complex Problem Solving,SYNTHETIC_MVP
112,Critical Thinking,SYNTHETIC_MVP
112,Data Analysis,SYNTHETIC_MVP
112,Active Listening,SYNTHETIC_MVP
112,Programming,SYNTHETIC_MVP
113,Reading Comprehension,SYNTHETIC_MVP
113,Systems Analysis,SYNTHETIC_MVP
113,Time Management,SYNTHETIC_MVP
113,Writing,SYNTHETIC_MVP
116,Data Analysis,SYNTHETIC_MVP
116,Critical Thinking,SYNTHETIC_MVP
116,Time Management,SYNTHETIC_MVP
116,Writing,SYNTHETIC_MVP
116,Complex Problem Solving,SYNTHETIC_MVP
117,Programming,SYNTHETIC_MVP
117,Active Listening,SYNTHETIC_MVP
117,Systems Analysis,SYNTHETIC_MVP
117,Writing,SYNTHETIC_MVP
117,Time Management,SYNTHETIC_MVP
118,Systems Evaluation,SYNTHETIC_MVP
118,Systems Analysis,SYNTHETIC_MVP
118,Critical Thinking,SYNTHETIC_MVP
118,Active Listening,SYNTHETIC_MVP
118,Reading Comprehension,SYNTHETIC_MVP
119,Time Management,SYNTHETIC_MVP
119,Data Analysis,SYNTHETIC_MVP
119,Active Listening,SYNTHETIC_MVP
120,Critical Thinking,SYNTHETIC_MVP
120,Active Listening,SYNTHETIC_MVP
120,Speaking,SYNTHETIC_MVP
120,Reading Comprehension,SYNTHETIC_MVP
120,Project Management,SYNTHETIC_MVP
120,Data Analysis,SYNTHETIC_MVP
121,Programming,SYNTHETIC_MVP
121,Reading Comprehension,SYNTHETIC_MVP
121,Project Management,SYNTHETIC_MVP
121,Writing,SYNTHETIC_MVP
124,Programming,SYNTHETIC_MVP
124,Critical Thinking,SYNTHETIC_MVP
124,Systems Evaluation,SYNTHETIC_MVP
124,Speaking,SYNTHETIC_MVP
124,Systems Analysis,SYNTHETIC_MVP
124,Complex Problem Solving,SYNTHETIC_MVP
125,Systems Analysis,SYNTHETIC_MVP
125,Programming,SYNTHETIC_MVP
125,Reading Comprehension,SYNTHETIC_MVP
125,Time Management,SYNTHETIC_MVP
125,Systems Evaluation,SYNTHETIC_MVP
125,Project Management,SYNTHETIC_MVP
126,Active Listening,SYNTHETIC_MVP
126,Time Management,SYNTHETIC_MVP
126,Systems Analysis,SYNTHETIC_MVP
128,Reading Comprehension,SYNTHETIC_MVP
128,Speaking,SYNTHETIC_MVP
128,Writing,SYNTHETIC_MVP
128,Systems Evaluation,SYNTHETIC_MVP
128,Active Listening,SYNTHETIC_MVP
129,Critical Thinking,SYNTHETIC_MVP
129,Systems Evaluation,SYNTHETIC_MVP
129,Active Listening,SYNTHETIC_MVP
131,Reading Comprehension,SYNTHETIC_MVP
131,Systems Evaluation,SYNTHETIC_MVP
131,Data Analysis,SYNTHETIC_MVP
131,Systems Analysis,SYNTHETIC_MVP
131,Speaking,SYNTHETIC_MVP
132,Speaking,SYNTHETIC_MVP
132,Project Management,SYNTHETIC_MVP
132,Active Listening,SYNTHETIC_MVP
132,Time Management,SYNTHETIC_MVP
133,Data Analysis,SYNTHETIC_MVP
133,Writing,SYNTHETIC_MVP
133,Systems Evaluation,SYNTHETIC_MVP
133,Time Management,SYNTHETIC_MVP
134,Speaking,SYNTHETIC_MVP
134,Critical Thinking,SYNTHETIC_MVP
134,Time Management,SYNTHETIC_MVP
134,Data Analysis,SYNTHETIC_MVP
134,Active Listening,SYNTHETIC_MVP
134,Complex Problem Solving,SYNTHETIC_MVP
137,Active Listening,SYNTHETIC_MVP
137,Data Analysis,SYNTHETIC_MVP
137,Speaking,SYNTHETIC_MVP
137,Writing,SYNTHETIC_MVP
138,Systems Evaluation,SYNTHETIC_MVP
138,Active Listening,SYNTHETIC_MVP
138,Speaking,SYNTHETIC_MVP
138,Complex Problem Solving,SYNTHETIC_MVP
138,Project Management,SYNTHETIC_MVP
139,Complex Problem Solving,SYNTHETIC_MVP
139,Time Management,SYNTHETIC_MVP
139,Writing,SYNTHETIC_MVP
140,Active Listening,SYNTHETIC_MVP
140,Writing,SYNTHETIC_MVP
140,Speaking,SYNTHETIC_MVP
140,Programming,SYNTHETIC_MVP
141,Programming,SYNTHETIC_MVP
141,Reading Comprehension,SYNTHETIC_MVP
141,Speaking,SYNTHETIC_MVP
141,Systems Analysis,SYNTHETIC_MVP
141,Complex Problem Solving,SYNTHETIC_MVP
141,Critical Thinking,SYNTHETIC_MVP
142,Writing,SYNTHETIC_MVP
142,Time Management,SYNTHETIC_MVP
142,Complex Problem Solving,SYNTHETIC_MVP
143,Writing,SYNTHETIC_MVP
143,Time Management,SYNTHETIC_MVP
143,Complex Problem Solving,SYNTHETIC_MVP
143,Data Analysis,SYNTHETIC_MVP
143,Systems Evaluation,SYNTHETIC_MVP
144,Systems Analysis,SYNTHETIC_MVP
144,Speaking,SYNTHETIC_MVP
144,Writing,SYNTHETIC_MVP
145,Complex Problem Solving,SYNTHETIC_MVP
145,Time Management,SYNTHETIC_MVP
145,Writing,SYNTHETIC_MVP
145,Systems Evaluation,SYNTHETIC_MVP
145,Programming,SYNTHETIC_MVP
145,Active Listening,SYNTHETIC_MVP
147,Complex Problem Solving,SYNTHETIC_MVP
147,Systems Analysis,SYNTHETIC_MVP
147,Critical Thinking,SYNTHETIC_MVP
147,Time Management,SYNTHETIC_MVP
148,Active Listening,SYNTHETIC_MVP
148,Reading Comprehension,SYNTHETIC_MVP
148,Project Management,SYNTHETIC_MVP
150,Critical Thinking,SYNTHETIC_MVP
150,Complex Problem Solving,SYNTHETIC_MVP
150,Reading Comprehension,SYNTHETIC_MVP
150,Project Management,SYNTHETIC_MVP
150,Writing,SYNTHETIC_MVP
150,Systems Analysis,SYNTHETIC_MVP
151,Speaking,SYNTHETIC_MVP
151,Complex Problem Solving,SYNTHETIC_MVP
151,Data Analysis,SYNTHETIC_MVP
151,Reading Comprehension,SYNTHETIC_MVP
151,Programming,SYNTHETIC_MVP
151,Systems Analysis,SYNTHETIC_MVP
152,Project Management,SYNTHETIC_MVP
152,Complex Problem Solving,SYNTHETIC_MVP
152,Speaking,SYNTHETIC_MVP
152,Writing,SYNTHETIC_MVP
152,Reading Comprehension,SYNTHETIC_MVP
153,Systems Analysis,SYNTHETIC_MVP
153,Critical Thinking,SYNTHETIC_MVP
153,Active Listening,SYNTHETIC_MVP
153,Data Analysis,SYNTHETIC_MVP
154,Critical Thinking,SYNTHETIC_MVP
154,Programming,SYNTHETIC_MVP
154,Data Analysis,SYNTHETIC_MVP
154,Speaking,SYNTHETIC_MVP
154,Reading Comprehension,SYNTHETIC_MVP
154,Time Management,SYNTHETIC_MVP
155,Project Management,SYNTHETIC_MVP
155,Programming,SYNTHETIC_MVP
155,Systems Analysis,SYNTHETIC_MVP
155,Data Analysis,SYNTHETIC_MVP
158,Programming,SYNTHETIC_MVP
158,Speaking,SYNTHETIC_MVP
158,Data Analysis,SYNTHETIC_MVP
158,Time Management,SYNTHETIC_MVP
158,Writing,SYNTHETIC_MVP
158,Active Listening,SYNTHETIC_MVP
159,Writing,SYNTHETIC_MVP
159,Speaking,SYNTHETIC_MVP
159,Project Management,SYNTHETIC_MVP
160,Programming,SYNTHETIC_MVP
160,Project Management,SYNTHETIC_MVP
160,Critical Thinking,SYNTHETIC_MVP
160,Active Listening,SYNTHETIC_MVP
161,Critical Thinking,SYNTHETIC_MVP
161,Data Analysis,SYNTHETIC_MVP
161,Writing,SYNTHETIC_MVP
162,Complex Problem Solving,SYNTHETIC_MVP
162,Reading Comprehension,SYNTHETIC_MVP
162,Programming,SYNTHETIC_MVP
162,Critical Thinking,SYNTHETIC_MVP
162,Project Management,SYNTHETIC_MVP
163,Complex Problem Solving,SYNTHETIC_MVP
163,Programming,SYNTHETIC_MVP
163,Time Management,SYNTHETIC_MVP
163,Writing,SYNTHETIC_MVP
163,Systems Evaluation,SYNTHETIC_MVP
164,Speaking,SYNTHETIC_MVP
164,Complex Problem Solving,SYNTHETIC_MVP
164,Data Analysis,SYNTHETIC_MVP
164,Project Management,SYNTHETIC_MVP
164,Systems Analysis,SYNTHETIC_MVP
165,Speaking,SYNTHETIC_MVP
165,Data Analysis,SYNTHETIC_MVP
165,Time Management,SYNTHETIC_MVP
165,Writing,SYNTHETIC_MVP
165,Complex Problem Solving,SYNTHETIC_MVP
167,Project Management,SYNTHETIC_MVP
167,Complex Problem Solving,SYNTHETIC_MVP
167,Writing,SYNTHETIC_MVP
167,Data Analysis,SYNTHETIC_MVP
169,Complex Problem Solving,SYNTHETIC_MVP
169,Project Management,SYNTHETIC_MVP
169,Data Analysis,SYNTHETIC_MVP
170,Reading Comprehension,SYNTHETIC_MVP
170,Complex Problem Solving,SYNTHETIC_MVP
170,Project Management,SYNTHETIC_MVP
170,Active Listening,SYNTHETIC_MVP
171,Data Analysis,SYNTHETIC_MVP
171,Complex Problem Solving,SYNTHETIC_MVP
171,Time Management,SYNTHETIC_MVP
171,Speaking,SYNTHETIC_MVP
171,Systems Analysis,SYNTHETIC_MVP
174,Critical Thinking,SYNTHETIC_MVP
174,Active Listening,SYNTHETIC_MVP
174,Time Management,SYNTHETIC_MVP
174,Systems Analysis,SYNTHETIC_MVP
175,Programming,SYNTHETIC_MVP
175,Systems Analysis,SYNTHETIC_MVP
175,Speaking,SYNTHETIC_MVP
175,Data Analysis,SYNTHETIC_MVP
175,Systems Evaluation,SYNTHETIC_MVP
175,Project Management,SYNTHETIC_MVP
176,Speaking,SYNTHETIC_MVP
176,Time Management,SYNTHETIC_MVP
176,Reading Comprehension,SYNTHETIC_MVP
176,Active Listening,SYNTHETIC_MVP
176,Systems Evaluation,SYNTHETIC_MVP
177,Systems Evaluation,SYNTHETIC_MVP
177,Time Management,SYNTHETIC_MVP
177,Project Management,SYNTHETIC_MVP
177,Data Analysis,SYNTHETIC_MVP
177,Speaking,SYNTHETIC_MVP
178,Programming,SYNTHETIC_MVP
178,Time Management,SYNTHETIC_MVP
178,Complex Problem Solving,SYNTHETIC_MVP
178,Reading Comprehension,SYNTHETIC_MVP
178,Systems Analysis,SYNTHETIC_MVP
178,Writing,SYNTHETIC_MVP
179,Systems Evaluation,SYNTHETIC_MVP
179,Programming,SYNTHETIC_MVP
179,Complex Problem Solving,SYNTHETIC_MVP
179,Writing,SYNTHETIC_MVP
179,Systems Analysis,SYNTHETIC_MVP
179,Project Management,SYNTHETIC_MVP
182,Reading Comprehension,SYNTHETIC_MVP
182,Writing,SYNTHETIC_MVP
182,Programming,SYNTHETIC_MVP
182,Data Analysis,SYNTHETIC_MVP
182,Active Listening,SYNTHETIC_MVP
183,Data Analysis,SYNTHETIC_MVP
183,Reading Comprehension,SYNTHETIC_MVP
183,Speaking,SYNTHETIC_MVP
184,Reading Comprehension,SYNTHETIC_MVP
184,Project Management,SYNTHETIC_MVP
184,Programming,SYNTHETIC_MVP
184,Systems Analysis,SYNTHETIC_MVP
190,Systems Evaluation,SYNTHETIC_MVP
190,Project Management,SYNTHETIC_MVP
190,Data Analysis,SYNTHETIC_MVP
192,Active Listening,SYNTHETIC_MVP
192,Programming,SYNTHETIC_MVP
192,Reading Comprehension,SYNTHETIC_MVP
192,Critical Thinking,SYNTHETIC_MVP
193,Complex Problem Solving,SYNTHETIC_MVP
193,Reading Comprehension,SYNTHETIC_MVP
193,Programming,SYNTHETIC_MVP
193,Writing,SYNTHETIC_MVP
194,Systems Analysis,SYNTHETIC_MVP
194,Critical Thinking,SYNTHETIC_MVP
194,Complex Problem Solving,SYNTHETIC_MVP
194,Time Management,SYNTHETIC_MVP
194,Systems Evaluation,SYNTHETIC_MVP
194,Writing,SYNTHETIC_MVP
195,Time Management,SYNTHETIC_MVP
195,Project Management,SYNTHETIC_MVP
195,Programming,SYNTHETIC_MVP
195,Systems Analysis,SYNTHETIC_MVP
195,Writing,SYNTHETIC_MVP
195,Critical Thinking,SYNTHETIC_MVP
197,Active Listening,SYNTHETIC_MVP
197,Project Management,SYNTHETIC_MVP
197,Writing,SYNTHETIC_MVP
197,Time Management,SYNTHETIC_MVP
197,Reading Comprehension,SYNTHETIC_MVP
197,Complex Problem Solving,SYNTHETIC_MVP
198,Writing,SYNTHETIC_MVP
198,Time Management,SYNTHETIC_MVP
198,Active Listening,SYNTHETIC_MVP
198,Speaking,SYNTHETIC_MVP
198,Critical Thinking,SYNTHETIC_MVP
199,Systems Evaluation,SYNTHETIC_MVP
199,Speaking,SYNTHETIC_MVP
199,Reading Comprehension,SYNTHETIC_MVP
199,Data Analysis,SYNTHETIC_MVP
199,Writing,SYNTHETIC_MVP
199,Project Management,SYNTHETIC_MVP
200,Project Management,SYNTHETIC_MVP
200,Complex Problem Solving,SYNTHETIC_MVP
200,Reading Comprehension,SYNTHETIC_MVP
201,Speaking,SYNTHETIC_MVP
201,Reading Comprehension,SYNTHETIC_MVP
201,Data Analysis,SYNTHETIC_MVP
201,Critical Thinking,SYNTHETIC_MVP
201,Systems Analysis,SYNTHETIC_MVP
202,Systems Evaluation,SYNTHETIC_MVP
202,Time Management,SYNTHETIC_MVP
202,Data Analysis,SYNTHETIC_MVP
202,Writing,SYNTHETIC_MVP
202,Project Management,SYNTHETIC_MVP
202,Systems Analysis,SYNTHETIC_MVP
204,Complex Problem Solving,SYNTHETIC_MVP
204,Systems Evaluation,SYNTHETIC_MVP
204,Critical Thinking,SYNTHETIC_MVP
204,Programming,SYNTHETIC_MVP
204,Time Management,SYNTHETIC_MVP
205,Programming,SYNTHETIC_MVP
205,Critical Thinking,SYNTHETIC_MVP
205,Writing,SYNTHETIC_MVP
205,Project Management,SYNTHETIC_MVP
205,Reading Comprehension,SYNTHETIC_MVP
206,Project Management,SYNTHETIC_MVP
206,Reading Comprehension,SYNTHETIC_MVP
206,Systems Analysis,SYNTHETIC_MVP
206,Complex Problem Solving,SYNTHETIC_MVP
207,Time Management,SYNTHETIC_MVP
207,Speaking,SYNTHETIC_MVP
207,Writing,SYNTHETIC_MVP
207,Programming,SYNTHETIC_MVP
207,Project Management,SYNTHETIC_MVP
208,Programming,SYNTHETIC_MVP
208,Systems Analysis,SYNTHETIC_MVP
208,Time Management,SYNTHETIC_MVP
208,Complex Problem Solving,SYNTHETIC_MVP
211,Writing,SYNTHETIC_MVP
211,Active Listening,SYNTHETIC_MVP
211,Complex Problem Solving,SYNTHETIC_MVP
214,Project Management,SYNTHETIC_MVP
214,Writing,SYNTHETIC_MVP
214,Systems Evaluation,SYNTHETIC_MVP
214,Systems Analysis,SYNTHETIC_MVP
215,Project Management,SYNTHETIC_MVP
215,Critical Thinking,SYNTHETIC_MVP
215,Data Analysis,SYNTHETIC_MVP
215,Time Management,SYNTHETIC_MVP
215,Reading Comprehension,SYNTHETIC_MVP
215,Writing,SYNTHETIC_MVP
216,Systems Analysis,SYNTHETIC_MVP
216,Reading Comprehension,SYNTHETIC_MVP
216,Complex Problem Solving,SYNTHETIC_MVP
216,Speaking,SYNTHETIC_MVP
217,Time Management,SYNTHETIC_MVP
217,Programming,SYNTHETIC_MVP
217,Systems Evaluation,SYNTHETIC_MVP
217,Complex Problem Solving,SYNTHETIC_MVP
217,Reading Comprehension,SYNTHETIC_MVP
218,Critical Thinking,SYNTHETIC_MVP
218,Speaking,SYNTHETIC_MVP
218,Active Listening,SYNTHETIC_MVP
218,Complex Problem Solving,SYNTHETIC_MVP
221,Active Listening,SYNTHETIC_MVP
221,Project Management,SYNTHETIC_MVP
221,Systems Analysis,SYNTHETIC_MVP
221,Reading Comprehension,SYNTHETIC_MVP
223,Complex Problem Solving,SYNTHETIC_MVP
223,Writing,SYNTHETIC_MVP
223,Speaking,SYNTHETIC_MVP
224,Critical Thinking,SYNTHETIC_MVP
224,Systems Analysis,SYNTHETIC_MVP
224,Project Management,SYNTHETIC_MVP
224,Writing,SYNTHETIC_MVP
226,Systems Evaluation,SYNTHETIC_MVP
226,Complex Problem Solving,SYNTHETIC_MVP
226,Critical Thinking,SYNTHETIC_MVP
226,Programming,SYNTHETIC_MVP
226,Project Management,SYNTHETIC_MVP
226,Time Management,SYNTHETIC_MVP
227,Systems Analysis,SYNTHETIC_MVP
227,Critical Thinking,SYNTHETIC_MVP
227,Systems Evaluation,SYNTHETIC_MVP
227,Speaking,SYNTHETIC_MVP
228,Reading Comprehension,SYNTHETIC_MVP
228,Project Management,SYNTHETIC_MVP
228,Data Analysis,SYNTHETIC_MVP
228,Active Listening,SYNTHETIC_MVP
230,Systems Analysis,SYNTHETIC_MVP
230,Writing,SYNTHETIC_MVP
230,Time Management,SYNTHETIC_MVP
230,Systems Evaluation,SYNTHETIC_MVP
230,Reading Comprehension,SYNTHETIC_MVP
230,Active Listening,SYNTHETIC_MVP
231,Complex Problem Solving,SYNTHETIC_MVP
231,Time Management,SYNTHETIC_MVP
231,Speaking,SYNTHETIC_MVP
231,Data Analysis,SYNTHETIC_MVP
231,Reading Comprehension,SYNTHETIC_MVP
233,Writing,SYNTHETIC_MVP
233,Critical Thinking,SYNTHETIC_MVP
233,Data Analysis,SYNTHETIC_MVP
233,Systems Analysis,SYNTHETIC_MVP
233,Systems Evaluation,SYNTHETIC_MVP
233,Project Management,SYNTHETIC_MVP
235,Systems Evaluation,SYNTHETIC_MVP
235,Active Listening,SYNTHETIC_MVP
235,Time Management,SYNTHETIC_MVP
235,Systems Analysis,SYNTHETIC_MVP
235,Complex Problem Solving,SYNTHETIC_MVP
235,Reading Comprehension,SYNTHETIC_MVP
238,Systems Analysis,SYNTHETIC_MVP
238,Active Listening,SYNTHETIC_MVP
238,Speaking,SYNTHETIC_MVP
238,Writing,SYNTHETIC_MVP
239,Systems Evaluation,SYNTHETIC_MVP
239,Writing,SYNTHETIC_MVP
239,Data Analysis,SYNTHETIC_MVP
239,Complex Problem Solving,SYNTHETIC_MVP
239,Programming,SYNTHETIC_MVP
239,Reading Comprehension,SYNTHETIC_MVP
240,Complex Problem Solving,SYNTHETIC_MVP
240,Systems Evaluation,SYNTHETIC_MVP
240,Time Management,SYNTHETIC_MVP
240,Active Listening,SYNTHETIC_MVP
241,Active Listening,SYNTHETIC_MVP
241,Systems Evaluation,SYNTHETIC_MVP
241,Project Management,SYNTHETIC_MVP
242,Time Management,SYNTHETIC_MVP
242,Systems Evaluation,SYNTHETIC_MVP
242,Active Listening,SYNTHETIC_MVP
243,Reading Comprehension,SYNTHETIC_MVP
243,Data Analysis,SYNTHETIC_MVP
243,Programming,SYNTHETIC_MVP
243,Time Management,SYNTHETIC_MVP
244,Active Listening,SYNTHETIC_MVP
244,Programming,SYNTHETIC_MVP
244,Writing,SYNTHETIC_MVP
244,Project Management,SYNTHETIC_MVP
245,Critical Thinking,SYNTHETIC_MVP
245,Time Management,SYNTHETIC_MVP
245,Complex Problem Solving,SYNTHETIC_MVP
246,Writing,SYNTHETIC_MVP
246,Active Listening,SYNTHETIC_MVP
246,Speaking,SYNTHETIC_MVP
246,Complex Problem Solving,SYNTHETIC_MVP
247,Data Analysis,SYNTHETIC_MVP
247,Systems Analysis,SYNTHETIC_MVP
247,Reading Comprehension,SYNTHETIC_MVP
248,Time Management,SYNTHETIC_MVP
248,Project Management,SYNTHETIC_MVP
248,Data Analysis,SYNTHETIC_MVP
248,Systems Analysis,SYNTHETIC_MVP
248,Critical Thinking,SYNTHETIC_MVP
248,Programming,SYNTHETIC_MVP
249,Time Management,SYNTHETIC_MVP
249,Programming,SYNTHETIC_MVP
249,Writing,SYNTHETIC_MVP
249,Project Management,SYNTHETIC_MVP
249,Critical Thinking,SYNTHETIC_MVP
250,Speaking,SYNTHETIC_MVP
250,Complex Problem Solving,SYNTHETIC_MVP
250,Systems Evaluation,SYNTHETIC_MVP
250,Systems Analysis,SYNTHETIC_MVP
250,Reading Comprehension,SYNTHETIC_MVP
250,Programming,SYNTHETIC_MVP
252,Systems Analysis,SYNTHETIC_MVP
252,Complex Problem Solving,SYNTHETIC_MVP
252,Project Management,SYNTHETIC_MVP
252,Active Listening,SYNTHETIC_MVP
252,Writing,SYNTHETIC_MVP
252,Time Management,SYNTHETIC_MVP
253,Programming,SYNTHETIC_MVP
253,Data Analysis,SYNTHETIC_MVP
253,Project Management,SYNTHETIC_MVP
253,Active Listening,SYNTHETIC_MVP
253,Systems Evaluation,SYNTHETIC_MVP
254,Speaking,SYNTHETIC_MVP
254,Project Management,SYNTHETIC_MVP
254,Systems Analysis,SYNTHETIC_MVP
254,Systems Evaluation,SYNTHETIC_MVP
254,Writing,SYNTHETIC_MVP
254,Time Management,SYNTHETIC_MVP
256,Time Management,SYNTHETIC_MVP
256,Systems Evaluation,SYNTHETIC_MVP
256,Writing,SYNTHETIC_MVP
256,Active Listening,SYNTHETIC_MVP
256,Speaking,SYNTHETIC_MVP
258,Project Management,SYNTHETIC_MVP
258,Speaking,SYNTHETIC_MVP
258,Programming,SYNTHETIC_MVP
258,Writing,SYNTHETIC_MVP
258,Reading Comprehension,SYNTHETIC_MVP
258,Critical Thinking,SYNTHETIC_MVP
259,Critical Thinking,SYNTHETIC_MVP
259,Systems Analysis,SYNTHETIC_MVP
259,Data Analysis,SYNTHETIC_MVP
259,Time Management,SYNTHETIC_MVP
259,Programming,SYNTHETIC_MVP
259,Systems Evaluation,SYNTHETIC_MVP
260,Systems Analysis,SYNTHETIC_MVP
260,Speaking,SYNTHETIC_MVP
260,Complex Problem Solving,SYNTHETIC_MVP
260,Reading Comprehension,SYNTHETIC_MVP
260,Programming,SYNTHETIC_MVP
261,Speaking,SYNTHETIC_MVP
261,Active Listening,SYNTHETIC_MVP
261,Complex Problem Solving,SYNTHETIC_MVP
262,Critical Thinking,SYNTHETIC_MVP
262,Systems Analysis,SYNTHETIC_MVP
262,Project Management,SYNTHETIC_MVP
262,Complex Problem Solving,SYNTHETIC_MVP
262,Reading Comprehension,SYNTHETIC_MVP
262,Active Listening,SYNTHETIC_MVP
264,Reading Comprehension,SYNTHETIC_MVP
264,Programming,SYNTHETIC_MVP
264,Writing,SYNTHETIC_MVP
267,Project Management,SYNTHETIC_MVP
267,Data Analysis,SYNTHETIC_MVP
267,Speaking,SYNTHETIC_MVP
267,Critical Thinking,SYNTHETIC_MVP
269,Writing,SYNTHETIC_MVP
269,Complex Problem Solving,SYNTHETIC_MVP
269,Speaking,SYNTHETIC_MVP
270,Project Management,SYNTHETIC_MVP
270,Reading Comprehension,SYNTHETIC_MVP
270,Speaking,SYNTHETIC_MVP
271,Active Listening,SYNTHETIC_MVP
271,Critical Thinking,SYNTHETIC_MVP
271,Project Management,SYNTHETIC_MVP
271,Systems Analysis,SYNTHETIC_MVP
271,Complex Problem Solving,SYNTHETIC_MVP
273,Systems Analysis,SYNTHETIC_MVP
273,Data Analysis,SYNTHETIC_MVP
273,Programming,SYNTHETIC_MVP
273,Active Listening,SYNTHETIC_MVP
274,Writing,SYNTHETIC_MVP
274,Speaking,SYNTHETIC_MVP
274,Reading Comprehension,SYNTHETIC_MVP
274,Systems Evaluation,SYNTHETIC_MVP
275,Writing,SYNTHETIC_MVP
275,Speaking,SYNTHETIC_MVP
275,Active Listening,SYNTHETIC_MVP
277,Writing,SYNTHETIC_MVP
277,Active Listening,SYNTHETIC_MVP
277,Data Analysis,SYNTHETIC_MVP
277,Complex Problem Solving,SYNTHETIC_MVP
277,Speaking,SYNTHETIC_MVP
281,Systems Evaluation,SYNTHETIC_MVP
281,Systems Analysis,SYNTHETIC_MVP
281,Speaking,SYNTHETIC_MVP
282,Complex Problem Solving,SYNTHETIC_MVP
282,Systems Analysis,SYNTHETIC_MVP
282,Speaking,SYNTHETIC_MVP
282,Programming,SYNTHETIC_MVP
282,Critical Thinking,SYNTHETIC_MVP
283,Project Management,SYNTHETIC_MVP
283,Critical Thinking,SYNTHETIC_MVP
283,Time Management,SYNTHETIC_MVP
284,Active Listening,SYNTHETIC_MVP
284,Systems Evaluation,SYNTHETIC_MVP
284,Systems Analysis,SYNTHETIC_MVP
286,Critical Thinking,SYNTHETIC_MVP
286,Systems Evaluation,SYNTHETIC_MVP
286,Time Management,SYNTHETIC_MVP
287,Speaking,SYNTHETIC_MVP
287,Critical Thinking,SYNTHETIC_MVP
287,Project Management,SYNTHETIC_MVP
288,Time Management,SYNTHETIC_MVP
288,Systems Evaluation,SYNTHETIC_MVP
288,Data Analysis,SYNTHETIC_MVP
291,Critical Thinking,SYNTHETIC_MVP
291,Project Management,SYNTHETIC_MVP
291,Complex Problem Solving,SYNTHETIC_MVP
291,Speaking,SYNTHETIC_MVP
291,Time Management,SYNTHETIC_MVP
292,Programming,SYNTHETIC_MVP
292,Reading Comprehension,SYNTHETIC_MVP
292,Systems Evaluation,SYNTHETIC_MVP
293,Programming,SYNTHETIC_MVP
293,Speaking,SYNTHETIC_MVP
293,Project Management,SYNTHETIC_MVP
293,Writing,SYNTHETIC_MVP
296,Complex Problem Solving,SYNTHETIC_MVP
296,Data Analysis,SYNTHETIC_MVP
296,Active Listening,SYNTHETIC_MVP
296,Critical Thinking,SYNTHETIC_MVP
297,Complex Problem Solving,SYNTHETIC_MVP
297,Data Analysis,SYNTHETIC_MVP
297,Systems Evaluation,SYNTHETIC_MVP
297,Project Management,SYNTHETIC_MVP
297,Time Management,SYNTHETIC_MVP
297,Active Listening,SYNTHETIC_MVP
298,Active Listening,SYNTHETIC_MVP
298,Reading Comprehension,SYNTHETIC_MVP
298,Data Analysis,SYNTHETIC_MVP
298,Programming,SYNTHETIC_MVP
299,Speaking,SYNTHETIC_MVP
299,Project Management,SYNTHETIC_MVP
299,Data Analysis,SYNTHETIC_MVP
300,Data Analysis,SYNTHETIC_MVP
300,Active Listening,SYNTHETIC_MVP
300,Systems Analysis,SYNTHETIC_MVP
300,Programming,SYNTHETIC_MVP
300,Project Management,SYNTHETIC_MVP
302,Systems Evaluation,SYNTHETIC_MVP
302,Programming,SYNTHETIC_MVP
302,Project Management,SYNTHETIC_MVP
302,Time Management,SYNTHETIC_MVP
302,Complex Problem Solving,SYNTHETIC_MVP
302,Active Listening,SYNTHETIC_MVP
303,Systems Analysis,SYNTHETIC_MVP
303,Reading Comprehension,SYNTHETIC_MVP
303,Data Analysis,SYNTHETIC_MVP
303,Speaking,SYNTHETIC_MVP
303,Programming,SYNTHETIC_MVP
304,Critical Thinking,SYNTHETIC_MVP
304,Reading Comprehension,SYNTHETIC_MVP
304,Complex Problem Solving,SYNTHETIC_MVP
304,Systems Evaluation,SYNTHETIC_MVP
304,Time Management,SYNTHETIC_MVP
305,Active Listening,SYNTHETIC_MVP
305,Writing,SYNTHETIC_MVP
305,Complex Problem Solving,SYNTHETIC_MVP
305,Speaking,SYNTHETIC_MVP
305,Systems Analysis,SYNTHETIC_MVP
305,Reading Comprehension,SYNTHETIC_MVP
306,Programming,SYNTHETIC_MVP
306,Complex Problem Solving,SYNTHETIC_MVP
306,Systems Analysis,SYNTHETIC_MVP
307,Project Management,SYNTHETIC_MVP
307,Time Management,SYNTHETIC_MVP
307,Systems Analysis,SYNTHETIC_MVP
307,Critical Thinking,SYNTHETIC_MVP
307,Complex Problem Solving,SYNTHETIC_MVP
308,Active Listening,SYNTHETIC_MVP
308,Critical Thinking,SYNTHETIC_MVP
308,Writing,SYNTHETIC_MVP
308,Reading Comprehension,SYNTHETIC_MVP
308,Systems Evaluation,SYNTHETIC_MVP
309,Complex Problem Solving,SYNTHETIC_MVP
309,Critical Thinking,SYNTHETIC_MVP
309,Systems Analysis,SYNTHETIC_MVP
309,Data Analysis,SYNTHETIC_MVP
309,Systems Evaluation,SYNTHETIC_MVP
309,Project Management,SYNTHETIC_MVP
311,Data Analysis,SYNTHETIC_MVP
311,Complex Problem Solving,SYNTHETIC_MVP
311,Project Management,SYNTHETIC_MVP
312,Time Management,SYNTHETIC_MVP
312,Programming,SYNTHETIC_MVP
312,Complex Problem Solving,SYNTHETIC_MVP
312,Speaking,SYNTHETIC_MVP
312,Writing,SYNTHETIC_MVP
314,Data Analysis,SYNTHETIC_MVP
314,Systems Analysis,SYNTHETIC_MVP
314,Project Management,SYNTHETIC_MVP
314,Critical Thinking,SYNTHETIC_MVP
314,Speaking,SYNTHETIC_MVP
315,Active Listening,SYNTHETIC_MVP
315,Critical Thinking,SYNTHETIC_MVP
315,Programming,SYNTHETIC_MVP
315,Complex Problem Solving,SYNTHETIC_MVP
316,Systems Evaluation,SYNTHETIC_MVP
316,Systems Analysis,SYNTHETIC_MVP
316,Time Management,SYNTHETIC_MVP
319,Systems Evaluation,SYNTHETIC_MVP
319,Time Management,SYNTHETIC_MVP
319,Active Listening,SYNTHETIC_MVP
319,Critical Thinking,SYNTHETIC_MVP
319,Programming,SYNTHETIC_MVP
319,Project Management,SYNTHETIC_MVP
321,Programming,SYNTHETIC_MVP
321,Active Listening,SYNTHETIC_MVP
321,Complex Problem Solving,SYNTHETIC_MVP
323,Programming,SYNTHETIC_MVP
323,Critical Thinking,SYNTHETIC_MVP
323,Systems Analysis,SYNTHETIC_MVP
323,Data Analysis,SYNTHETIC_MVP
325,Time Management,SYNTHETIC_MVP
325,Data Analysis,SYNTHETIC_MVP
325,Complex Problem Solving,SYNTHETIC_MVP
325,Speaking,SYNTHETIC_MVP
325,Project Management,SYNTHETIC_MVP
325,Systems Analysis,SYNTHETIC_MVP
327,Project Management,SYNTHETIC_MVP
327,Complex Problem Solving,SYNTHETIC_MVP
327,Systems Analysis,SYNTHETIC_MVP
328,Time Management,SYNTHETIC_MVP
328,Project Management,SYNTHETIC_MVP
328,Reading Comprehension,SYNTHETIC_MVP
328,Writing,SYNTHETIC_MVP
329,Speaking,SYNTHETIC_MVP
329,Active Listening,SYNTHETIC_MVP
329,Complex Problem Solving,SYNTHETIC_MVP
329,Data Analysis,SYNTHETIC_MVP
329,Critical Thinking,SYNTHETIC_MVP
329,Project Management,SYNTHETIC_MVP
330,Data Analysis,SYNTHETIC_MVP
330,Time Management,SYNTHETIC_MVP
330,Systems Evaluation,SYNTHETIC_MVP
330,Complex Problem Solving,SYNTHETIC_MVP
330,Speaking,SYNTHETIC_MVP
331,Systems Analysis,SYNTHETIC_MVP
331,Critical Thinking,SYNTHETIC_MVP
331,Time Management,SYNTHETIC_MVP
331,Programming,SYNTHETIC_MVP
331,Reading Comprehension,SYNTHETIC_MVP
331,Data Analysis,SYNTHETIC_MVP
332,Time Management,SYNTHETIC_MVP
332,Speaking,SYNTHETIC_MVP
332,Writing,SYNTHETIC_MVP
333,Complex Problem Solving,SYNTHETIC_MVP
333,Writing,SYNTHETIC_MVP
333,Systems Evaluation,SYNTHETIC_MVP
333,Project Management,SYNTHETIC_MVP
333,Critical Thinking,SYNTHETIC_MVP
334,Systems Evaluation,SYNTHETIC_MVP
334,Active Listening,SYNTHETIC_MVP
334,Time Management,SYNTHETIC_MVP
334,Complex Problem Solving,SYNTHETIC_MVP
335,Complex Problem Solving,SYNTHETIC_MVP
335,Programming,SYNTHETIC_MVP
335,Reading Comprehension,SYNTHETIC_MVP
335,Writing,SYNTHETIC_MVP
336,Programming,SYNTHETIC_MVP
336,Active Listening,SYNTHETIC_MVP
336,Systems Analysis,SYNTHETIC_MVP
337,Speaking,SYNTHETIC_MVP
337,Project Management,SYNTHETIC_MVP
337,Complex Problem Solving,SYNTHETIC_MVP
338,Complex Problem Solving,SYNTHETIC_MVP
338,Active Listening,SYNTHETIC_MVP
338,Time Management,SYNTHETIC_MVP
338,Speaking,SYNTHETIC_MVP
338,Reading Comprehension,SYNTHETIC_MVP
338,Data Analysis,SYNTHETIC_MVP
339,Critical Thinking,SYNTHETIC_MVP
339,Reading Comprehension,SYNTHETIC_MVP
339,Data Analysis,SYNTHETIC_MVP
339,Systems Analysis,SYNTHETIC_MVP
339,Speaking,SYNTHETIC_MVP
339,Writing,SYNTHETIC_MVP
340,Data Analysis,SYNTHETIC_MVP
340,Writing,SYNTHETIC_MVP
340,Time Management,SYNTHETIC_MVP
340,Project Management,SYNTHETIC_MVP
340,Active Listening,SYNTHETIC_MVP
341,Data Analysis,SYNTHETIC_MVP
341,Systems Analysis,SYNTHETIC_MVP
341,Time Management,SYNTHETIC_MVP
341,Reading Comprehension,SYNTHETIC_MVP
342,Writing,SYNTHETIC_MVP
342,Active Listening,SYNTHETIC_MVP
342,Project Management,SYNTHETIC_MVP
343,Complex Problem Solving,SYNTHETIC_MVP
343,Project Management,SYNTHETIC_MVP
343,Programming,SYNTHETIC_MVP
346,Speaking,SYNTHETIC_MVP
346,Reading Comprehension,SYNTHETIC_MVP
346,Critical Thinking,SYNTHETIC_MVP
347,Systems Evaluation,SYNTHETIC_MVP
347,Critical Thinking,SYNTHETIC_MVP
347,Time Management,SYNTHETIC_MVP
347,Systems Analysis,SYNTHETIC_MVP
347,Data Analysis,SYNTHETIC_MVP
347,Programming,SYNTHETIC_MVP
349,Data Analysis,SYNTHETIC_MVP
349,Programming,SYNTHETIC_MVP
349,Systems Analysis,SYNTHETIC_MVP
350,Systems Evaluation,SYNTHETIC_MVP
350,Active Listening,SYNTHETIC_MVP
350,Critical Thinking,SYNTHETIC_MVP
351,Critical Thinking,SYNTHETIC_MVP
351,Writing,SYNTHETIC_MVP
351,Complex Problem Solving,SYNTHETIC_MVP
351,Project Management,SYNTHETIC_MVP
351,Active Listening,SYNTHETIC_MVP
351,Reading Comprehension,SYNTHETIC_MVP
352,Programming,SYNTHETIC_MVP
352,Project Management,SYNTHETIC_MVP
352,Speaking,SYNTHETIC_MVP
353,Systems Analysis,SYNTHETIC_MVP
353,Programming,SYNTHETIC_MVP
353,Speaking,SYNTHETIC_MVP
353,Writing,SYNTHETIC_MVP
355,Systems Evaluation,SYNTHETIC_MVP
355,Programming,SYNTHETIC_MVP
355,Critical Thinking,SYNTHETIC_MVP
359,Systems Analysis,SYNTHETIC_MVP
359,Active Listening,SYNTHETIC_MVP
359,Writing,SYNTHETIC_MVP
359,Reading Comprehension,SYNTHETIC_MVP
361,Systems Evaluation,SYNTHETIC_MVP
361,Critical Thinking,SYNTHETIC_MVP
361,Time Management,SYNTHETIC_MVP
361,Data Analysis,SYNTHETIC_MVP
361,Systems Analysis,SYNTHETIC_MVP
362,Systems Analysis,SYNTHETIC_MVP
362,Critical Thinking,SYNTHETIC_MVP
362,Speaking,SYNTHETIC_MVP
362,Complex Problem Solving,SYNTHETIC_MVP
363,Project Management,SYNTHETIC_MVP
363,Systems Evaluation,SYNTHETIC_MVP
363,Active Listening,SYNTHETIC_MVP
363,Complex Problem Solving,SYNTHETIC_MVP
363,Reading Comprehension,SYNTHETIC_MVP
363,Time Management,SYNTHETIC_MVP
364,Data Analysis,SYNTHETIC_MVP
364,Project Management,SYNTHETIC_MVP
364,Active Listening,SYNTHETIC_MVP
364,Systems Evaluation,SYNTHETIC_MVP
364,Systems Analysis,SYNTHETIC_MVP
366,Systems Evaluation,SYNTHETIC_MVP
366,Data Analysis,SYNTHETIC_MVP
366,Project Management,SYNTHETIC_MVP
367,Time Management,SYNTHETIC_MVP
367,Active Listening,SYNTHETIC_MVP
367,Writing,SYNTHETIC_MVP
367,Critical Thinking,SYNTHETIC_MVP
369,Time Management,SYNTHETIC_MVP
369,Systems Evaluation,SYNTHETIC_MVP
369,Reading Comprehension,SYNTHETIC_MVP
369,Data Analysis,SYNTHETIC_MVP
372,Project Management,SYNTHETIC_MVP
372,Speaking,SYNTHETIC_MVP
372,Reading Comprehension,SYNTHETIC_MVP
372,Time Management,SYNTHETIC_MVP
373,Critical Thinking,SYNTHETIC_MVP
373,Complex Problem Solving,SYNTHETIC_MVP
373,Speaking,SYNTHETIC_MVP
373,Time Management,SYNTHETIC_MVP
374,Complex Problem Solving,SYNTHETIC_MVP
374,Time Management,SYNTHETIC_MVP
374,Systems Evaluation,SYNTHETIC_MVP
376,Systems Analysis,SYNTHETIC_MVP
376,Active Listening,SYNTHETIC_MVP
376,Complex Problem Solving,SYNTHETIC_MVP
376,Speaking,SYNTHETIC_MVP
376,Writing,SYNTHETIC_MVP
376,Programming,SYNTHETIC_MVP
377,Reading Comprehension,SYNTHETIC_MVP
377,Programming,SYNTHETIC_MVP
377,Critical Thinking,SYNTHETIC_MVP
377,Systems Analysis,SYNTHETIC_MVP
378,Programming,SYNTHETIC_MVP
378,Active Listening,SYNTHETIC_MVP
378,Time Management,SYNTHETIC_MVP
378,Reading Comprehension,SYNTHETIC_MVP
378,Writing,SYNTHETIC_MVP
378,Systems Evaluation,SYNTHETIC_MVP
379,Time Management,SYNTHETIC_MVP
379,Speaking,SYNTHETIC_MVP
379,Writing,SYNTHETIC_MVP
379,Active Listening,SYNTHETIC_MVP
380,Active Listening,SYNTHETIC_MVP
380,Critical Thinking,SYNTHETIC_MVP
380,Programming,SYNTHETIC_MVP
381,Writing,SYNTHETIC_MVP
381,Critical Thinking,SYNTHETIC_MVP
381,Speaking,SYNTHETIC_MVP
382,Complex Problem Solving,SYNTHETIC_MVP
382,Data Analysis,SYNTHETIC_MVP
382,Speaking,SYNTHETIC_MVP
382,Time Management,SYNTHETIC_MVP
382,Active Listening,SYNTHETIC_MVP
384,Writing,SYNTHETIC_MVP
384,Programming,SYNTHETIC_MVP
384,Time Management,SYNTHETIC_MVP
384,Critical Thinking,SYNTHETIC_MVP
385,Systems Analysis,SYNTHETIC_MVP
385,Programming,SYNTHETIC_MVP
385,Active Listening,SYNTHETIC_MVP
386,Systems Analysis,SYNTHETIC_MVP
386,Active Listening,SYNTHETIC_MVP
386,Writing,SYNTHETIC_MVP
387,Programming,SYNTHETIC_MVP
387,Data Analysis,SYNTHETIC_MVP
387,Systems Evaluation,SYNTHETIC_MVP
388,Data Analysis,SYNTHETIC_MVP
388,Programming,SYNTHETIC_MVP
388,Speaking,SYNTHETIC_MVP
388,Reading Comprehension,SYNTHETIC_MVP
388,Active Listening,SYNTHETIC_MVP
389,Reading Comprehension,SYNTHETIC_MVP
389,Systems Evaluation,SYNTHETIC_MVP
389,Time Management,SYNTHETIC_MVP
389,Data Analysis,SYNTHETIC_MVP
390,Writing,SYNTHETIC_MVP
390,Time Management,SYNTHETIC_MVP
390,Speaking,SYNTHETIC_MVP
390,Critical Thinking,SYNTHETIC_MVP
390,Data Analysis,SYNTHETIC_MVP
390,Complex Problem Solving,SYNTHETIC_MVP
391,Time Management,SYNTHETIC_MVP
391,Critical Thinking,SYNTHETIC_MVP
391,Active Listening,SYNTHETIC_MVP
391,Speaking,SYNTHETIC_MVP
391,Data Analysis,SYNTHETIC_MVP
391,Complex Problem Solving,SYNTHETIC_MVP
392,Time Management,SYNTHETIC_MVP
392,Writing,SYNTHETIC_MVP
392,Speaking,SYNTHETIC_MVP
393,Complex Problem Solving,SYNTHETIC_MVP
393,Systems Evaluation,SYNTHETIC_MVP
393,Time Management,SYNTHETIC_MVP
393,Speaking,SYNTHETIC_MVP
394,Critical Thinking,SYNTHETIC_MVP
394,Complex Problem Solving,SYNTHETIC_MVP
394,Time Management,SYNTHETIC_MVP
394,Programming,SYNTHETIC_MVP
394,Writing,SYNTHETIC_MVP
395,Speaking,SYNTHETIC_MVP
395,Writing,SYNTHETIC_MVP
395,Time Management,SYNTHETIC_MVP
395,Complex Problem Solving,SYNTHETIC_MVP
396,Writing,SYNTHETIC_MVP
396,Active Listening,SYNTHETIC_MVP
396,Complex Problem Solving,SYNTHETIC_MVP
397,Writing,SYNTHETIC_MVP
397,Systems Evaluation,SYNTHETIC_MVP
397,Critical Thinking,SYNTHETIC_MVP
397,Complex Problem Solving,SYNTHETIC_MVP
397,Programming,SYNTHETIC_MVP
399,Data Analysis,SYNTHETIC_MVP
399,Speaking,SYNTHETIC_MVP
399,Project Management,SYNTHETIC_MVP
399,Systems Evaluation,SYNTHETIC_MVP
399,Critical Thinking,SYNTHETIC_MVP
401,Writing,SYNTHETIC_MVP
401,Reading Comprehension,SYNTHETIC_MVP
401,Programming,SYNTHETIC_MVP
401,Systems Evaluation,SYNTHETIC_MVP
401,Speaking,SYNTHETIC_MVP
401,Active Listening,SYNTHETIC_MVP
403,Data Analysis,SYNTHETIC_MVP
403,Time Management,SYNTHETIC_MVP
403,Systems Evaluation,SYNTHETIC_MVP
403,Project Management,SYNTHETIC_MVP
403,Reading Comprehension,SYNTHETIC_MVP
404,Critical Thinking,SYNTHETIC_MVP
404,Writing,SYNTHETIC_MVP
404,Systems Evaluation,SYNTHETIC_MVP
405,Reading Comprehension,SYNTHETIC_MVP
405,Project Management,SYNTHETIC_MVP
405,Systems Evaluation,SYNTHETIC_MVP
405,Writing,SYNTHETIC_MVP
406,Time Management,SYNTHETIC_MVP
406,Data Analysis,SYNTHETIC_MVP
406,Systems Evaluation,SYNTHETIC_MVP
406,Reading Comprehension,SYNTHETIC_MVP
406,Writing,SYNTHETIC_MVP
406,Critical Thinking,SYNTHETIC_MVP
407,Project Management,SYNTHETIC_MVP
407,Critical Thinking,SYNTHETIC_MVP
407,Writing,SYNTHETIC_MVP
408,Programming,SYNTHETIC_MVP
408,Data Analysis,SYNTHETIC_MVP
408,Writing,SYNTHETIC_MVP
408,Time Management,SYNTHETIC_MVP
408,Active Listening,SYNTHETIC_MVP
408,Project Management,SYNTHETIC_MVP
410,Systems Analysis,SYNTHETIC_MVP
410,Critical Thinking,SYNTHETIC_MVP
410,Writing,SYNTHETIC_MVP
410,Data Analysis,SYNTHETIC_MVP
411,Data Analysis,SYNTHETIC_MVP
411,Programming,SYNTHETIC_MVP
411,Project Management,SYNTHETIC_MVP
411,Systems Evaluation,SYNTHETIC_MVP
411,Speaking,SYNTHETIC_MVP
412,Systems Evaluation,SYNTHETIC_MVP
412,Systems Analysis,SYNTHETIC_MVP
412,Writing,SYNTHETIC_MVP
412,Complex Problem Solving,SYNTHETIC_MVP
412,Reading Comprehension,SYNTHETIC_MVP
412,Active Listening,SYNTHETIC_MVP
416,Speaking,SYNTHETIC_MVP
416,Systems Analysis,SYNTHETIC_MVP
416,Time Management,SYNTHETIC_MVP
416,Systems Evaluation,SYNTHETIC_MVP
416,Programming,SYNTHETIC_MVP
416,Complex Problem Solving,SYNTHETIC_MVP
417,Reading Comprehension,SYNTHETIC_MVP
417,Project Management,SYNTHETIC_MVP
417,Active Listening,SYNTHETIC_MVP
417,Speaking,SYNTHETIC_MVP
417,Data Analysis,SYNTHETIC_MVP
417,Writing,SYNTHETIC_MVP
419,Speaking,SYNTHETIC_MVP
419,Project Management,SYNTHETIC_MVP
419,Active Listening,SYNTHETIC_MVP
419,Critical Thinking,SYNTHETIC_MVP
419,Complex Problem Solving,SYNTHETIC_MVP
420,Speaking,SYNTHETIC_MVP
420,Project Management,SYNTHETIC_MVP
420,Systems Evaluation,SYNTHETIC_MVP
421,Data Analysis,SYNTHETIC_MVP
421,Programming,SYNTHETIC_MVP
421,Writing,SYNTHETIC_MVP
421,Systems Analysis,SYNTHETIC_MVP
421,Systems Evaluation,SYNTHETIC_MVP
422,Reading Comprehension,SYNTHETIC_MVP
422,Writing,SYNTHETIC_MVP
422,Critical Thinking,SYNTHETIC_MVP
422,Speaking,SYNTHETIC_MVP
423,Complex Problem Solving,SYNTHETIC_MVP
423,Reading Comprehension,SYNTHETIC_MVP
423,Active Listening,SYNTHETIC_MVP
423,Writing,SYNTHETIC_MVP
423,Systems Analysis,SYNTHETIC_MVP
424,Systems Analysis,SYNTHETIC_MVP
424,Programming,SYNTHETIC_MVP
424,Data Analysis,SYNTHETIC_MVP
424,Systems Evaluation,SYNTHETIC_MVP
425,Systems Evaluation,SYNTHETIC_MVP
425,Data Analysis,SYNTHETIC_MVP
425,Active Listening,SYNTHETIC_MVP
426,Data Analysis,SYNTHETIC_MVP
426,Programming,SYNTHETIC_MVP
426,Time Management,SYNTHETIC_MVP
428,Reading Comprehension,SYNTHETIC_MVP
428,Data Analysis,SYNTHETIC_MVP
428,Project Management,SYNTHETIC_MVP
428,Complex Problem Solving,SYNTHETIC_MVP
428,Active Listening,SYNTHETIC_MVP
428,Systems Analysis,SYNTHETIC_MVP
429,Programming,SYNTHETIC_MVP
429,Critical Thinking,SYNTHETIC_MVP
429,Active Listening,SYNTHETIC_MVP
430,Programming,SYNTHETIC_MVP
430,Writing,SYNTHETIC_MVP
430,Systems Analysis,SYNTHETIC_MVP
431,Programming,SYNTHETIC_MVP
431,Complex Problem Solving,SYNTHETIC_MVP
431,Time Management,SYNTHETIC_MVP
431,Data Analysis,SYNTHETIC_MVP
431,Active Listening,SYNTHETIC_MVP
433,Speaking,SYNTHETIC_MVP
433,Data Analysis,SYNTHETIC_MVP
433,Programming,SYNTHETIC_MVP
433,Critical Thinking,SYNTHETIC_MVP
434,Systems Evaluation,SYNTHETIC_MVP
434,Project Management,SYNTHETIC_MVP
434,Data Analysis,SYNTHETIC_MVP
434,Systems Analysis,SYNTHETIC_MVP
434,Complex Problem Solving,SYNTHETIC_MVP
434,Speaking,SYNTHETIC_MVP
436,Project Management,SYNTHETIC_MVP
436,Writing,SYNTHETIC_MVP
436,Systems Analysis,SYNTHETIC_MVP
436,Data Analysis,SYNTHETIC_MVP
436,Reading Comprehension,SYNTHETIC_MVP
437,Complex Problem Solving,SYNTHETIC_MVP
437,Reading Comprehension,SYNTHETIC_MVP
437,Active Listening,SYNTHETIC_MVP
438,Systems Evaluation,SYNTHETIC_MVP
438,Speaking,SYNTHETIC_MVP
438,Programming,SYNTHETIC_MVP
438,Critical Thinking,SYNTHETIC_MVP
439,Reading Comprehension,SYNTHETIC_MVP
439,Critical Thinking,SYNTHETIC_MVP
439,Writing,SYNTHETIC_MVP
439,Speaking,SYNTHETIC_MVP
439,Data Analysis,SYNTHETIC_MVP
439,Time Management,SYNTHETIC_MVP
440,Data Analysis,SYNTHETIC_MVP
440,Speaking,SYNTHETIC_MVP
440,Writing,SYNTHETIC_MVP
441,Writing,SYNTHETIC_MVP
441,Data Analysis,SYNTHETIC_MVP
441,Systems Analysis,SYNTHETIC_MVP
441,Critical Thinking,SYNTHETIC_MVP
441,Programming,SYNTHETIC_MVP
442,Project Management,SYNTHETIC_MVP
442,Data Analysis,SYNTHETIC_MVP
442,Active Listening,SYNTHETIC_MVP
442,Systems Analysis,SYNTHETIC_MVP
442,Complex Problem Solving,SYNTHETIC_MVP
444,Data Analysis,SYNTHETIC_MVP
444,Programming,SYNTHETIC_MVP
444,Systems Evaluation,SYNTHETIC_MVP
444,Complex Problem Solving,SYNTHETIC_MVP
444,Systems Analysis,SYNTHETIC_MVP
445,Data Analysis,SYNTHETIC_MVP
445,Systems Evaluation,SYNTHETIC_MVP
445,Time Management,SYNTHETIC_MVP
445,Active Listening,SYNTHETIC_MVP
445,Critical Thinking,SYNTHETIC_MVP
446,Active Listening,SYNTHETIC_MVP
446,Programming,SYNTHETIC_MVP
446,Project Management,SYNTHETIC_MVP
446,Writing,SYNTHETIC_MVP
446,Data Analysis,SYNTHETIC_MVP
446,Systems Analysis,SYNTHETIC_MVP
447,Project Management,SYNTHETIC_MVP
447,Writing,SYNTHETIC_MVP
447,Speaking,SYNTHETIC_MVP
447,Data Analysis,SYNTHETIC_MVP
447,Reading Comprehension,SYNTHETIC_MVP
448,Systems Evaluation,SYNTHETIC_MVP
448,Reading Comprehension,SYNTHETIC_MVP
448,Complex Problem Solving,SYNTHETIC_MVP
448,Speaking,SYNTHETIC_MVP
448,Data Analysis,SYNTHETIC_MVP
449,Project Management,SYNTHETIC_MVP
449,Reading Comprehension,SYNTHETIC_MVP
449,Time Management,SYNTHETIC_MVP
449,Systems Evaluation,SYNTHETIC_MVP
449,Writing,SYNTHETIC_MVP
450,Speaking,SYNTHETIC_MVP
450,Systems Analysis,SYNTHETIC_MVP
450,Reading Comprehension,SYNTHETIC_MVP
450,Programming,SYNTHETIC_MVP
451,Systems Analysis,SYNTHETIC_MVP
451,Systems Evaluation,SYNTHETIC_MVP
451,Speaking,SYNTHETIC_MVP
451,Writing,SYNTHETIC_MVP
451,Time Management,SYNTHETIC_MVP
452,Complex Problem Solving,SYNTHETIC_MVP
452,Speaking,SYNTHETIC_MVP
452,Programming,SYNTHETIC_MVP
452,Systems Analysis,SYNTHETIC_MVP
453,Time Management,SYNTHETIC_MVP
453,Programming,SYNTHETIC_MVP
453,Critical Thinking,SYNTHETIC_MVP
453,Speaking,SYNTHETIC_MVP
453,Writing,SYNTHETIC_MVP
454,Systems Analysis,SYNTHETIC_MVP
454,Speaking,SYNTHETIC_MVP
454,Writing,SYNTHETIC_MVP
454,Critical Thinking,SYNTHETIC_MVP
455,Project Management,SYNTHETIC_MVP
455,Complex Problem Solving,SYNTHETIC_MVP
455,Active Listening,SYNTHETIC_MVP
455,Time Management,SYNTHETIC_MVP
456,Writing,SYNTHETIC_MVP
456,Active Listening,SYNTHETIC_MVP
456,Data Analysis,SYNTHETIC_MVP
456,Critical Thinking,SYNTHETIC_MVP
456,Project Management,SYNTHETIC_MVP
458,Critical Thinking,SYNTHETIC_MVP
458,Complex Problem Solving,SYNTHETIC_MVP
458,Writing,SYNTHETIC_MVP
458,Project Management,SYNTHETIC_MVP
460,Programming,SYNTHETIC_MVP
460,Systems Analysis,SYNTHETIC_MVP
460,Critical Thinking,SYNTHETIC_MVP
461,Programming,SYNTHETIC_MVP
461,Data Analysis,SYNTHETIC_MVP
461,Active Listening,SYNTHETIC_MVP
461,Complex Problem Solving,SYNTHETIC_MVP
461,Critical Thinking,SYNTHETIC_MVP
461,Time Management,SYNTHETIC_MVP
462,Programming,SYNTHETIC_MVP
462,Active Listening,SYNTHETIC_MVP
462,Speaking,SYNTHETIC_MVP
462,Critical Thinking,SYNTHETIC_MVP
462,Reading Comprehension,SYNTHETIC_MVP
462,Writing,SYNTHETIC_MVP
463,Data Analysis,SYNTHETIC_MVP
463,Programming,SYNTHETIC_MVP
463,Speaking,SYNTHETIC_MVP
464,Data Analysis,SYNTHETIC_MVP
464,Complex Problem Solving,SYNTHETIC_MVP
464,Critical Thinking,SYNTHETIC_MVP
464,Active Listening,SYNTHETIC_MVP
465,Systems Analysis,SYNTHETIC_MVP
465,Complex Problem Solving,SYNTHETIC_MVP
465,Data Analysis,SYNTHETIC_MVP
465,Systems Evaluation,SYNTHETIC_MVP
465,Active Listening,SYNTHETIC_MVP
466,Systems Analysis,SYNTHETIC_MVP
466,Speaking,SYNTHETIC_MVP
466,Complex Problem Solving,SYNTHETIC_MVP
467,Data Analysis,SYNTHETIC_MVP
467,Speaking,SYNTHETIC_MVP
467,Active Listening,SYNTHETIC_MVP
467,Project Management,SYNTHETIC_MVP
467,Reading Comprehension,SYNTHETIC_MVP
467,Time Management,SYNTHETIC_MVP
468,Systems Analysis,SYNTHETIC_MVP
468,Time Management,SYNTHETIC_MVP
468,Speaking,SYNTHETIC_MVP
468,Data Analysis,SYNTHETIC_MVP
468,Project Management,SYNTHETIC_MVP
469,Reading Comprehension,SYNTHETIC_MVP
469,Systems Evaluation,SYNTHETIC_MVP
469,Systems Analysis,SYNTHETIC_MVP
469,Speaking,SYNTHETIC_MVP
470,Speaking,SYNTHETIC_MVP
470,Programming,SYNTHETIC_MVP
470,Writing,SYNTHETIC_MVP
470,Data Analysis,SYNTHETIC_MVP
471,Active Listening,SYNTHETIC_MVP
471,Systems Evaluation,SYNTHETIC_MVP
471,Critical Thinking,SYNTHETIC_MVP
471,Systems Analysis,SYNTHETIC_MVP
471,Time Management,SYNTHETIC_MVP
473,Active Listening,SYNTHETIC_MVP
473,Programming,SYNTHETIC_MVP
473,Systems Analysis,SYNTHETIC_MVP
473,Project Management,SYNTHETIC_MVP
473,Time Management,SYNTHETIC_MVP
473,Writing,SYNTHETIC_MVP
474,Complex Problem Solving,SYNTHETIC_MVP
474,Systems Evaluation,SYNTHETIC_MVP
474,Speaking,SYNTHETIC_MVP
474,Writing,SYNTHETIC_MVP
474,Project Management,SYNTHETIC_MVP
474,Programming,SYNTHETIC_MVP
475,Active Listening,SYNTHETIC_MVP
475,Reading Comprehension,SYNTHETIC_MVP
475,Systems Evaluation,SYNTHETIC_MVP
476,Systems Analysis,SYNTHETIC_MVP
476,Systems Evaluation,SYNTHETIC_MVP
476,Data Analysis,SYNTHETIC_MVP
476,Critical Thinking,SYNTHETIC_MVP
476,Programming,SYNTHETIC_MVP
476,Reading Comprehension,SYNTHETIC_MVP
477,Systems Evaluation,SYNTHETIC_MVP
477,Active Listening,SYNTHETIC_MVP
477,Systems Analysis,SYNTHETIC_MVP
477,Programming,SYNTHETIC_MVP
477,Complex Problem Solving,SYNTHETIC_MVP
477,Data Analysis,SYNTHETIC_MVP
478,Writing,SYNTHETIC_MVP
478,Active Listening,SYNTHETIC_MVP
478,Reading Comprehension,SYNTHETIC_MVP
478,Critical Thinking,SYNTHETIC_MVP
478,Data Analysis,SYNTHETIC_MVP
478,Systems Evaluation,SYNTHETIC_MVP
479,Speaking,SYNTHETIC_MVP
479,Programming,SYNTHETIC_MVP
479,Time Management,SYNTHETIC_MVP
479,Writing,SYNTHETIC_MVP
479,Data Analysis,SYNTHETIC_MVP
479,Systems Evaluation,SYNTHETIC_MVP
481,Data Analysis,SYNTHETIC_MVP
481,Reading Comprehension,SYNTHETIC_MVP
481,Programming,SYNTHETIC_MVP
481,Speaking,SYNTHETIC_MVP
481,Complex Problem Solving,SYNTHETIC_MVP
482,Speaking,SYNTHETIC_MVP
482,Active Listening,SYNTHETIC_MVP
482,Time Management,SYNTHETIC_MVP
482,Reading Comprehension,SYNTHETIC_MVP
482,Systems Evaluation,SYNTHETIC_MVP
483,Critical Thinking,SYNTHETIC_MVP
483,Active Listening,SYNTHETIC_MVP
483,Data Analysis,SYNTHETIC_MVP
484,Speaking,SYNTHETIC_MVP
484,Systems Analysis,SYNTHETIC_MVP
484,Time Management,SYNTHETIC_MVP
484,Programming,SYNTHETIC_MVP
485,Speaking,SYNTHETIC_MVP
485,Programming,SYNTHETIC_MVP
485,Active Listening,SYNTHETIC_MVP
486,Programming,SYNTHETIC_MVP
486,Reading Comprehension,SYNTHETIC_MVP
486,Critical Thinking,SYNTHETIC_MVP
487,Active Listening,SYNTHETIC_MVP
487,Systems Analysis,SYNTHETIC_MVP
487,Data Analysis,SYNTHETIC_MVP
488,Project Management,SYNTHETIC_MVP
488,Critical Thinking,SYNTHETIC_MVP
488,Active Listening,SYNTHETIC_MVP
491,Programming,SYNTHETIC_MVP
491,Data Analysis,SYNTHETIC_MVP
491,Critical Thinking,SYNTHETIC_MVP
492,Data Analysis,SYNTHETIC_MVP
492,Critical Thinking,SYNTHETIC_MVP
492,Complex Problem Solving,SYNTHETIC_MVP
492,Writing,SYNTHETIC_MVP
492,Time Management,SYNTHETIC_MVP
493,Writing,SYNTHETIC_MVP
493,Programming,SYNTHETIC_MVP
493,Speaking,SYNTHETIC_MVP
494,Time Management,SYNTHETIC_MVP
494,Speaking,SYNTHETIC_MVP
494,Complex Problem Solving,SYNTHETIC_MVP
494,Systems Analysis,SYNTHETIC_MVP
495,Systems Analysis,SYNTHETIC_MVP
495,Complex Problem Solving,SYNTHETIC_MVP
495,Speaking,SYNTHETIC_MVP
495,Critical Thinking,SYNTHETIC_MVP
495,Active Listening,SYNTHETIC_MVP
495,Project Management,SYNTHETIC_MVP
496,Critical Thinking,SYNTHETIC_MVP
496,Writing,SYNTHETIC_MVP
496,Reading Comprehension,SYNTHETIC_MVP
497,Time Management,SYNTHETIC_MVP
497,Reading Comprehension,SYNTHETIC_MVP
497,Programming,SYNTHETIC_MVP
497,Critical Thinking,SYNTHETIC_MVP
497,Writing,SYNTHETIC_MVP
498,Active Listening,SYNTHETIC_MVP
498,Programming,SYNTHETIC_MVP
498,Systems Evaluation,SYNTHETIC_MVP
499,Systems Evaluation,SYNTHETIC_MVP
499,Critical Thinking,SYNTHETIC_MVP
499,Time Management,SYNTHETIC_MVP
500,Project Management,SYNTHETIC_MVP
500,Systems Evaluation,SYNTHETIC_MVP
500,Active Listening,SYNTHETIC_MVP
501,Active Listening,SYNTHETIC_MVP
501,Programming,SYNTHETIC_MVP
501,Complex Problem Solving,SYNTHETIC_MVP
501,Critical Thinking,SYNTHETIC_MVP
502,Systems Analysis,SYNTHETIC_MVP
502,Speaking,SYNTHETIC_MVP
502,Complex Problem Solving,SYNTHETIC_MVP
502,Programming,SYNTHETIC_MVP
502,Project Management,SYNTHETIC_MVP
505,Writing,SYNTHETIC_MVP
505,Time Management,SYNTHETIC_MVP
505,Data Analysis,SYNTHETIC_MVP
505,Programming,SYNTHETIC_MVP
505,Project Management,SYNTHETIC_MVP
505,Critical Thinking,SYNTHETIC_MVP
507,Project Management,SYNTHETIC_MVP
507,Systems Evaluation,SYNTHETIC_MVP
507,Systems Analysis,SYNTHETIC_MVP
508,Systems Analysis,SYNTHETIC_MVP
508,Project Management,SYNTHETIC_MVP
508,Complex Problem Solving,SYNTHETIC_MVP
508,Programming,SYNTHETIC_MVP
510,Reading Comprehension,SYNTHETIC_MVP
510,Speaking,SYNTHETIC_MVP
510,Time Management,SYNTHETIC_MVP
511,Programming,SYNTHETIC_MVP
511,Critical Thinking,SYNTHETIC_MVP
511,Writing,SYNTHETIC_MVP
513,Complex Problem Solving,SYNTHETIC_MVP
513,Systems Evaluation,SYNTHETIC_MVP
513,Systems Analysis,SYNTHETIC_MVP
513,Data Analysis,SYNTHETIC_MVP
513,Speaking,SYNTHETIC_MVP
514,Time Management,SYNTHETIC_MVP
514,Complex Problem Solving,SYNTHETIC_MVP
514,Systems Analysis,SYNTHETIC_MVP
515,Active Listening,SYNTHETIC_MVP
515,Reading Comprehension,SYNTHETIC_MVP
515,Systems Analysis,SYNTHETIC_MVP
515,Complex Problem Solving,SYNTHETIC_MVP
515,Project Management,SYNTHETIC_MVP
515,Programming,SYNTHETIC_MVP
516,Systems Evaluation,SYNTHETIC_MVP
516,Project Management,SYNTHETIC_MVP
516,Programming,SYNTHETIC_MVP
516,Complex Problem Solving,SYNTHETIC_MVP
517,Speaking,SYNTHETIC_MVP
517,Systems Evaluation,SYNTHETIC_MVP
517,Programming,SYNTHETIC_MVP
517,Reading Comprehension,SYNTHETIC_MVP
518,Systems Evaluation,SYNTHETIC_MVP
518,Systems Analysis,SYNTHETIC_MVP
518,Data Analysis,SYNTHETIC_MVP
518,Time Management,SYNTHETIC_MVP
518,Critical Thinking,SYNTHETIC_MVP
520,Critical Thinking,SYNTHETIC_MVP
520,Project Management,SYNTHETIC_MVP
520,Programming,SYNTHETIC_MVP
520,Systems Analysis,SYNTHETIC_MVP
521,Systems Evaluation,SYNTHETIC_MVP
521,Active Listening,SYNTHETIC_MVP
521,Speaking,SYNTHETIC_MVP
521,Systems Analysis,SYNTHETIC_MVP
522,Speaking,SYNTHETIC_MVP
522,Data Analysis,SYNTHETIC_MVP
522,Project Management,SYNTHETIC_MVP
522,Complex Problem Solving,SYNTHETIC_MVP
522,Reading Comprehension,SYNTHETIC_MVP
522,Active Listening,SYNTHETIC_MVP
523,Complex Problem Solving,SYNTHETIC_MVP
523,Time Management,SYNTHETIC_MVP
523,Active Listening,SYNTHETIC_MVP
523,Programming,SYNTHETIC_MVP
523,Reading Comprehension,SYNTHETIC_MVP
523,Writing,SYNTHETIC_MVP
524,Critical Thinking,SYNTHETIC_MVP
524,Complex Problem Solving,SYNTHETIC_MVP
524,Programming,SYNTHETIC_MVP
524,Systems Analysis,SYNTHETIC_MVP
524,Systems Evaluation,SYNTHETIC_MVP
525,Reading Comprehension,SYNTHETIC_MVP
525,Speaking,SYNTHETIC_MVP
525,Active Listening,SYNTHETIC_MVP
526,Reading Comprehension,SYNTHETIC_MVP
526,Active Listening,SYNTHETIC_MVP
526,Data Analysis,SYNTHETIC_MVP
527,Project Management,SYNTHETIC_MVP
527,Reading Comprehension,SYNTHETIC_MVP
527,Speaking,SYNTHETIC_MVP
527,Data Analysis,SYNTHETIC_MVP
527,Systems Analysis,SYNTHETIC_MVP
529,Project Management,SYNTHETIC_MVP
529,Speaking,SYNTHETIC_MVP
529,Systems Analysis,SYNTHETIC_MVP
529,Programming,SYNTHETIC_MVP
530,Speaking,SYNTHETIC_MVP
530,Critical Thinking,SYNTHETIC_MVP
530,Reading Comprehension,SYNTHETIC_MVP
531,Active Listening,SYNTHETIC_MVP
531,Critical Thinking,SYNTHETIC_MVP
531,Systems Evaluation,SYNTHETIC_MVP
531,Complex Problem Solving,SYNTHETIC_MVP
531,Systems Analysis,SYNTHETIC_MVP
531,Programming,SYNTHETIC_MVP
532,Programming,SYNTHETIC_MVP
532,Time Management,SYNTHETIC_MVP
532,Reading Comprehension,SYNTHETIC_MVP
532,Project Management,SYNTHETIC_MVP
532,Systems Analysis,SYNTHETIC_MVP
533,Time Management,SYNTHETIC_MVP
533,Active Listening,SYNTHETIC_MVP
533,Data Analysis,SYNTHETIC_MVP
533,Programming,SYNTHETIC_MVP
534,Time Management,SYNTHETIC_MVP
534,Complex Problem Solving,SYNTHETIC_MVP
534,Critical Thinking,SYNTHETIC_MVP
536,Time Management,SYNTHETIC_MVP
536,Active Listening,SYNTHETIC_MVP
536,Project Management,SYNTHETIC_MVP
536,Writing,SYNTHETIC_MVP
538,Reading Comprehension,SYNTHETIC_MVP
538,Time Management,SYNTHETIC_MVP
538,Writing,SYNTHETIC_MVP
538,Systems Evaluation,SYNTHETIC_MVP
538,Data Analysis,SYNTHETIC_MVP
543,Reading Comprehension,SYNTHETIC_MVP
543,Complex Problem Solving,SYNTHETIC_MVP
543,Critical Thinking,SYNTHETIC_MVP
543,Programming,SYNTHETIC_MVP
544,Systems Analysis,SYNTHETIC_MVP
544,Active Listening,SYNTHETIC_MVP
544,Speaking,SYNTHETIC_MVP
544,Time Management,SYNTHETIC_MVP
544,Reading Comprehension,SYNTHETIC_MVP
544,Data Analysis,SYNTHETIC_MVP
546,Systems Analysis,SYNTHETIC_MVP
546,Time Management,SYNTHETIC_MVP
546,Project Management,SYNTHETIC_MVP
547,Writing,SYNTHETIC_MVP
547,Active Listening,SYNTHETIC_MVP
547,Programming,SYNTHETIC_MVP
547,Data Analysis,SYNTHETIC_MVP
547,Systems Evaluation,SYNTHETIC_MVP
547,Complex Problem Solving,SYNTHETIC_MVP
548,Speaking,SYNTHETIC_MVP
548,Systems Analysis,SYNTHETIC_MVP
548,Complex Problem Solving,SYNTHETIC_MVP
548,Time Management,SYNTHETIC_MVP
548,Writing,SYNTHETIC_MVP
549,Project Management,SYNTHETIC_MVP
549,Data Analysis,SYNTHETIC_MVP
549,Complex Problem Solving,SYNTHETIC_MVP
549,Active Listening,SYNTHETIC_MVP
549,Critical Thinking,SYNTHETIC_MVP
550,Systems Evaluation,SYNTHETIC_MVP
550,Writing,SYNTHETIC_MVP
550,Project Management,SYNTHETIC_MVP
550,Time Management,SYNTHETIC_MVP
551,Data Analysis,SYNTHETIC_MVP
551,Systems Evaluation,SYNTHETIC_MVP
551,Speaking,SYNTHETIC_MVP
551,Reading Comprehension,SYNTHETIC_MVP
551,Active Listening,SYNTHETIC_MVP
551,Programming,SYNTHETIC_MVP
554,Systems Evaluation,SYNTHETIC_MVP
554,Critical Thinking,SYNTHETIC_MVP
554,Active Listening,SYNTHETIC_MVP
554,Complex Problem Solving,SYNTHETIC_MVP
555,Active Listening,SYNTHETIC_MVP
555,Speaking,SYNTHETIC_MVP
555,Time Management,SYNTHETIC_MVP
555,Complex Problem Solving,SYNTHETIC_MVP
555,Programming,SYNTHETIC_MVP
555,Project Management,SYNTHETIC_MVP
556,Critical Thinking,SYNTHETIC_MVP
556,Time Management,SYNTHETIC_MVP
556,Systems Analysis,SYNTHETIC_MVP
556,Data Analysis,SYNTHETIC_MVP
558,Programming,SYNTHETIC_MVP
558,Time Management,SYNTHETIC_MVP
558,Active Listening,SYNTHETIC_MVP
560,Time Management,SYNTHETIC_MVP
560,Critical Thinking,SYNTHETIC_MVP
560,Data Analysis,SYNTHETIC_MVP
560,Programming,SYNTHETIC_MVP
560,Complex Problem Solving,SYNTHETIC_MVP
562,Writing,SYNTHETIC_MVP
562,Data Analysis,SYNTHETIC_MVP
562,Complex Problem Solving,SYNTHETIC_MVP
564,Programming,SYNTHETIC_MVP
564,Systems Evaluation,SYNTHETIC_MVP
564,Data Analysis,SYNTHETIC_MVP
564,Time Management,SYNTHETIC_MVP
565,Time Management,SYNTHETIC_MVP
565,Systems Analysis,SYNTHETIC_MVP
565,Complex Problem Solving,SYNTHETIC_MVP
566,Systems Analysis,SYNTHETIC_MVP
566,Writing,SYNTHETIC_MVP
566,Time Management,SYNTHETIC_MVP
567,Project Management,SYNTHETIC_MVP
567,Speaking,SYNTHETIC_MVP
567,Systems Analysis,SYNTHETIC_MVP
567,Writing,SYNTHETIC_MVP
567,Complex Problem Solving,SYNTHETIC_MVP
568,Critical Thinking,SYNTHETIC_MVP
568,Systems Evaluation,SYNTHETIC_MVP
568,Speaking,SYNTHETIC_MVP
568,Reading Comprehension,SYNTHETIC_MVP
568,Time Management,SYNTHETIC_MVP
569,Data Analysis,SYNTHETIC_MVP
569,Complex Problem Solving,SYNTHETIC_MVP
569,Reading Comprehension,SYNTHETIC_MVP
571,Systems Evaluation,SYNTHETIC_MVP
571,Complex Problem Solving,SYNTHETIC_MVP
571,Project Management,SYNTHETIC_MVP
571,Writing,SYNTHETIC_MVP
573,Time Management,SYNTHETIC_MVP
573,Programming,SYNTHETIC_MVP
573,Active Listening,SYNTHETIC_MVP
573,Data Analysis,SYNTHETIC_MVP
573,Reading Comprehension,SYNTHETIC_MVP
573,Speaking,SYNTHETIC_MVP
574,Systems Evaluation,SYNTHETIC_MVP
574,Reading Comprehension,SYNTHETIC_MVP
574,Complex Problem Solving,SYNTHETIC_MVP
574,Programming,SYNTHETIC_MVP
574,Speaking,SYNTHETIC_MVP
575,Writing,SYNTHETIC_MVP
575,Time Management,SYNTHETIC_MVP
575,Programming,SYNTHETIC_MVP
575,Active Listening,SYNTHETIC_MVP
575,Complex Problem Solving,SYNTHETIC_MVP
577,Time Management,SYNTHETIC_MVP
577,Speaking,SYNTHETIC_MVP
577,Programming,SYNTHETIC_MVP
577,Active Listening,SYNTHETIC_MVP
577,Data Analysis,SYNTHETIC_MVP
577,Project Management,SYNTHETIC_MVP
578,Critical Thinking,SYNTHETIC_MVP
578,Systems Evaluation,SYNTHETIC_MVP
578,Systems Analysis,SYNTHETIC_MVP
578,Time Management,SYNTHETIC_MVP
578,Project Management,SYNTHETIC_MVP
578,Complex Problem Solving,SYNTHETIC_MVP
579,Time Management,SYNTHETIC_MVP
579,Complex Problem Solving,SYNTHETIC_MVP
579,Reading Comprehension,SYNTHETIC_MVP
579,Speaking,SYNTHETIC_MVP
580,Speaking,SYNTHETIC_MVP
580,Critical Thinking,SYNTHETIC_MVP
580,Systems Evaluation,SYNTHETIC_MVP
580,Project Management,SYNTHETIC_MVP
580,Time Management,SYNTHETIC_MVP
581,Critical Thinking,SYNTHETIC_MVP
581,Active Listening,SYNTHETIC_MVP
581,Time Management,SYNTHETIC_MVP
581,Speaking,SYNTHETIC_MVP
581,Reading Comprehension,SYNTHETIC_MVP
582,Critical Thinking,SYNTHETIC_MVP
582,Reading Comprehension,SYNTHETIC_MVP
582,Speaking,SYNTHETIC_MVP
584,Project Management,SYNTHETIC_MVP
584,Complex Problem Solving,SYNTHETIC_MVP
584,Time Management,SYNTHETIC_MVP
584,Systems Analysis,SYNTHETIC_MVP
584,Critical Thinking,SYNTHETIC_MVP
585,Reading Comprehension,SYNTHETIC_MVP
585,Speaking,SYNTHETIC_MVP
585,Systems Analysis,SYNTHETIC_MVP
585,Project Management,SYNTHETIC_MVP
585,Programming,SYNTHETIC_MVP
586,Critical Thinking,SYNTHETIC_MVP
586,Programming,SYNTHETIC_MVP
586,Time Management,SYNTHETIC_MVP
587,Systems Evaluation,SYNTHETIC_MVP
587,Reading Comprehension,SYNTHETIC_MVP
587,Systems Analysis,SYNTHETIC_MVP
590,Project Management,SYNTHETIC_MVP
590,Data Analysis,SYNTHETIC_MVP
590,Time Management,SYNTHETIC_MVP
590,Complex Problem Solving,SYNTHETIC_MVP
591,Reading Comprehension,SYNTHETIC_MVP
591,Critical Thinking,SYNTHETIC_MVP
591,Data Analysis,SYNTHETIC_MVP
591,Time Management,SYNTHETIC_MVP
591,Systems Analysis,SYNTHETIC_MVP
592,Active Listening,SYNTHETIC_MVP
592,Project Management,SYNTHETIC_MVP
592,Programming,SYNTHETIC_MVP
592,Systems Evaluation,SYNTHETIC_MVP
592,Critical Thinking,SYNTHETIC_MVP
593,Active Listening,SYNTHETIC_MVP
593,Writing,SYNTHETIC_MVP
593,Systems Analysis,SYNTHETIC_MVP
593,Project Management,SYNTHETIC_MVP
595,Project Management,SYNTHETIC_MVP
595,Critical Thinking,SYNTHETIC_MVP
595,Data Analysis,SYNTHETIC_MVP
597,Systems Evaluation,SYNTHETIC_MVP
597,Critical Thinking,SYNTHETIC_MVP
597,Data Analysis,SYNTHETIC_MVP
599,Systems Evaluation,SYNTHETIC_MVP
599,Project Management,SYNTHETIC_MVP
599,Active Listening,SYNTHETIC_MVP
599,Critical Thinking,SYNTHETIC_MVP
600,Systems Analysis,SYNTHETIC_MVP
600,Reading Comprehension,SYNTHETIC_MVP
600,Active Listening,SYNTHETIC_MVP
600,Speaking,SYNTHETIC_MVP
600,Systems Evaluation,SYNTHETIC_MVP
601,Systems Evaluation,SYNTHETIC_MVP
601,Speaking,SYNTHETIC_MVP
601,Active Listening,SYNTHETIC_MVP
601,Systems Analysis,SYNTHETIC_MVP
602,Time Management,SYNTHETIC_MVP
602,Data Analysis,SYNTHETIC_MVP
602,Systems Evaluation,SYNTHETIC_MVP
604,Project Management,SYNTHETIC_MVP
604,Systems Evaluation,SYNTHETIC_MVP
604,Speaking,SYNTHETIC_MVP
605,Complex Problem Solving,SYNTHETIC_MVP
605,Active Listening,SYNTHETIC_MVP
605,Data Analysis,SYNTHETIC_MVP
606,Critical Thinking,SYNTHETIC_MVP
606,Project Management,SYNTHETIC_MVP
606,Active Listening,SYNTHETIC_MVP
606,Data Analysis,SYNTHETIC_MVP
608,Critical Thinking,SYNTHETIC_MVP
608,Active Listening,SYNTHETIC_MVP
608,Writing,SYNTHETIC_MVP
608,Speaking,SYNTHETIC_MVP
608,Data Analysis,SYNTHETIC_MVP
611,Speaking,SYNTHETIC_MVP
611,Systems Evaluation,SYNTHETIC_MVP
611,Critical Thinking,SYNTHETIC_MVP
611,Reading Comprehension,SYNTHETIC_MVP
612,Active Listening,SYNTHETIC_MVP
612,Speaking,SYNTHETIC_MVP
612,Systems Analysis,SYNTHETIC_MVP
612,Writing,SYNTHETIC_MVP
613,Complex Problem Solving,SYNTHETIC_MVP
613,Data Analysis,SYNTHETIC_MVP
613,Speaking,SYNTHETIC_MVP
613,Programming,SYNTHETIC_MVP
614,Reading Comprehension,SYNTHETIC_MVP
614,Complex Problem Solving,SYNTHETIC_MVP
614,Writing,SYNTHETIC_MVP
614,Active Listening,SYNTHETIC_MVP
614,Systems Analysis,SYNTHETIC_MVP
614,Programming,SYNTHETIC_MVP
615,Programming,SYNTHETIC_MVP
615,Project Management,SYNTHETIC_MVP
615,Systems Analysis,SYNTHETIC_MVP
615,Reading Comprehension,SYNTHETIC_MVP
615,Systems Evaluation,SYNTHETIC_MVP
616,Systems Analysis,SYNTHETIC_MVP
616,Programming,SYNTHETIC_MVP
616,Complex Problem Solving,SYNTHETIC_MVP
618,Programming,SYNTHETIC_MVP
618,Project Management,SYNTHETIC_MVP
618,Critical Thinking,SYNTHETIC_MVP
618,Writing,SYNTHETIC_MVP
618,Data Analysis,SYNTHETIC_MVP
620,Speaking,SYNTHETIC_MVP
620,Active Listening,SYNTHETIC_MVP
620,Systems Analysis,SYNTHETIC_MVP
620,Data Analysis,SYNTHETIC_MVP
620,Complex Problem Solving,SYNTHETIC_MVP
620,Project Management,SYNTHETIC_MVP
621,Writing,SYNTHETIC_MVP
621,Complex Problem Solving,SYNTHETIC_MVP
621,Systems Evaluation,SYNTHETIC_MVP
622,Complex Problem Solving,SYNTHETIC_MVP
622,Writing,SYNTHETIC_MVP
622,Programming,SYNTHETIC_MVP
623,Systems Analysis,SYNTHETIC_MVP
623,Reading Comprehension,SYNTHETIC_MVP
623,Project Management,SYNTHETIC_MVP
624,Complex Problem Solving,SYNTHETIC_MVP
624,Reading Comprehension,SYNTHETIC_MVP
624,Speaking,SYNTHETIC_MVP
624,Systems Evaluation,SYNTHETIC_MVP
624,Writing,SYNTHETIC_MVP
624,Project Management,SYNTHETIC_MVP
625,Data Analysis,SYNTHETIC_MVP
625,Project Management,SYNTHETIC_MVP
625,Programming,SYNTHETIC_MVP
625,Systems Analysis,SYNTHETIC_MVP
625,Active Listening,SYNTHETIC_MVP
625,Speaking,SYNTHETIC_MVP
626,Data Analysis,SYNTHETIC_MVP
626,Speaking,SYNTHETIC_MVP
626,Critical Thinking,SYNTHETIC_MVP
626,Project Management,SYNTHETIC_MVP
626,Programming,SYNTHETIC_MVP
626,Systems Analysis,SYNTHETIC_MVP
630,Systems Evaluation,SYNTHETIC_MVP
630,Complex Problem Solving,SYNTHETIC_MVP
630,Writing,SYNTHETIC_MVP
630,Critical Thinking,SYNTHETIC_MVP
631,Speaking,SYNTHETIC_MVP
631,Data Analysis,SYNTHETIC_MVP
631,Writing,SYNTHETIC_MVP
631,Complex Problem Solving,SYNTHETIC_MVP
631,Critical Thinking,SYNTHETIC_MVP
632,Complex Problem Solving,SYNTHETIC_MVP
632,Time Management,SYNTHETIC_MVP
632,Speaking,SYNTHETIC_MVP
632,Active Listening,SYNTHETIC_MVP
634,Writing,SYNTHETIC_MVP
634,Active Listening,SYNTHETIC_MVP
634,Programming,SYNTHETIC_MVP
634,Reading Comprehension,SYNTHETIC_MVP
635,Critical Thinking,SYNTHETIC_MVP
635,Complex Problem Solving,SYNTHETIC_MVP
635,Speaking,SYNTHETIC_MVP
635,Active Listening,SYNTHETIC_MVP
635,Data Analysis,SYNTHETIC_MVP
638,Critical Thinking,SYNTHETIC_MVP
638,Programming,SYNTHETIC_MVP
638,Systems Analysis,SYNTHETIC_MVP
638,Data Analysis,SYNTHETIC_MVP
639,Data Analysis,SYNTHETIC_MVP
639,Time Management,SYNTHETIC_MVP
639,Writing,SYNTHETIC_MVP
639,Programming,SYNTHETIC_MVP
641,Programming,SYNTHETIC_MVP
641,Writing,SYNTHETIC_MVP
641,Time Management,SYNTHETIC_MVP
643,Reading Comprehension,SYNTHETIC_MVP
643,Writing,SYNTHETIC_MVP
643,Complex Problem Solving,SYNTHETIC_MVP
643,Project Management,SYNTHETIC_MVP
644,Active Listening,SYNTHETIC_MVP
644,Project Management,SYNTHETIC_MVP
644,Programming,SYNTHETIC_MVP
644,Reading Comprehension,SYNTHETIC_MVP
645,Programming,SYNTHETIC_MVP
645,Reading Comprehension,SYNTHETIC_MVP
645,Data Analysis,SYNTHETIC_MVP
645,Critical Thinking,SYNTHETIC_MVP
645,Project Management,SYNTHETIC_MVP
645,Systems Evaluation,SYNTHETIC_MVP
647,Complex Problem Solving,SYNTHETIC_MVP
647,Reading Comprehension,SYNTHETIC_MVP
647,Systems Analysis,SYNTHETIC_MVP
647,Critical Thinking,SYNTHETIC_MVP
648,Data Analysis,SYNTHETIC_MVP
648,Writing,SYNTHETIC_MVP
648,Time Management,SYNTHETIC_MVP
648,Speaking,SYNTHETIC_MVP
649,Complex Problem Solving,SYNTHETIC_MVP
649,Critical Thinking,SYNTHETIC_MVP
649,Systems Analysis,SYNTHETIC_MVP
649,Project Management,SYNTHETIC_MVP
649,Reading Comprehension,SYNTHETIC_MVP
649,Systems Evaluation,SYNTHETIC_MVP
650,Speaking,SYNTHETIC_MVP
650,Active Listening,SYNTHETIC_MVP
650,Programming,SYNTHETIC_MVP
652,Reading Comprehension,SYNTHETIC_MVP
652,Active Listening,SYNTHETIC_MVP
652,Critical Thinking,SYNTHETIC_MVP
652,Speaking,SYNTHETIC_MVP
652,Systems Evaluation,SYNTHETIC_MVP
652,Project Management,SYNTHETIC_MVP
653,Writing,SYNTHETIC_MVP
653,Active Listening,SYNTHETIC_MVP
653,Reading Comprehension,SYNTHETIC_MVP
653,Systems Evaluation,SYNTHETIC_MVP
655,Complex Problem Solving,SYNTHETIC_MVP
655,Speaking,SYNTHETIC_MVP
655,Systems Evaluation,SYNTHETIC_MVP
655,Programming,SYNTHETIC_MVP
655,Active Listening,SYNTHETIC_MVP
655,Systems Analysis,SYNTHETIC_MVP
656,Critical Thinking,SYNTHETIC_MVP
656,Data Analysis,SYNTHETIC_MVP
656,Complex Problem Solving,SYNTHETIC_MVP
656,Speaking,SYNTHETIC_MVP
656,Project Management,SYNTHETIC_MVP
657,Programming,SYNTHETIC_MVP
657,Critical Thinking,SYNTHETIC_MVP
657,Data Analysis,SYNTHETIC_MVP
659,Data Analysis,SYNTHETIC_MVP
659,Reading Comprehension,SYNTHETIC_MVP
659,Critical Thinking,SYNTHETIC_MVP
659,Speaking,SYNTHETIC_MVP
659,Project Management,SYNTHETIC_MVP
659,Writing,SYNTHETIC_MVP
661,Critical Thinking,SYNTHETIC_MVP
661,Programming,SYNTHETIC_MVP
661,Writing,SYNTHETIC_MVP
661,Speaking,SYNTHETIC_MVP
661,Project Management,SYNTHETIC_MVP
661,Data Analysis,SYNTHETIC_MVP
662,Systems Analysis,SYNTHETIC_MVP
662,Project Management,SYNTHETIC_MVP
662,Writing,SYNTHETIC_MVP
663,Time Management,SYNTHETIC_MVP
663,Active Listening,SYNTHETIC_MVP
663,Data Analysis,SYNTHETIC_MVP
664,Complex Problem Solving,SYNTHETIC_MVP
664,Systems Analysis,SYNTHETIC_MVP
664,Systems Evaluation,SYNTHETIC_MVP
665,Programming,SYNTHETIC_MVP
665,Active Listening,SYNTHETIC_MVP
665,Data Analysis,SYNTHETIC_MVP
666,Speaking,SYNTHETIC_MVP
666,Critical Thinking,SYNTHETIC_MVP
666,Time Management,SYNTHETIC_MVP
666,Reading Comprehension,SYNTHETIC_MVP
667,Writing,SYNTHETIC_MVP
667,Time Management,SYNTHETIC_MVP
667,Reading Comprehension,SYNTHETIC_MVP
669,Time Management,SYNTHETIC_MVP
669,Active Listening,SYNTHETIC_MVP
669,Speaking,SYNTHETIC_MVP
671,Data Analysis,SYNTHETIC_MVP
671,Complex Problem Solving,SYNTHETIC_MVP
671,Systems Evaluation,SYNTHETIC_MVP
671,Critical Thinking,SYNTHETIC_MVP
675,Speaking,SYNTHETIC_MVP
675,Writing,SYNTHETIC_MVP
675,Data Analysis,SYNTHETIC_MVP
675,Time Management,SYNTHETIC_MVP
677,Systems Analysis,SYNTHETIC_MVP
677,Complex Problem Solving,SYNTHETIC_MVP
677,Speaking,SYNTHETIC_MVP
677,Data Analysis,SYNTHETIC_MVP
677,Time Management,SYNTHETIC_MVP
